Papel;Cotação;P/L;P/VP;PSR;Div.Yield;P/Ativo;P/Cap.Giro;P/EBIT;P/Ativ Circ.Liq;EV/EBIT;EV/EBITDA;Mrg Ebit;Mrg. Líq.;Liq. Corr.;ROIC;ROE;Liq.2meses;Patrim. Líq;Dív.Brut/ Patrim.;Cresc. Rec.5a
RCSL4;2,14;-27.043,50;-2,75;4,436;0,00%;2,912;-339,46;121,54;-1,91;118,51;73,38;3,65%;-0,01%;0,98;2,65%;0,01%;10.465.200,00;-59.065.000,00;0;786,20%
CSED3;14,72;-4.503,54;3,8;3,115;1,02%;1,183;6,51;27,43;-3,01;27,7;14,19;11,36%;-0,07%;2,6;5,87%;-0,08%;6.248.870,00;1.478.720.000,00;0,85;0,00%
SEQL3;29,1;-2.347,75;10,13;3,473;0,00%;2,501;21,36;103,77;-7,4;113,32;35,12;3,35%;-0,15%;1,39;3,31%;-0,43%;30.567.500,00;397.388.000,00;1,75;0,00%
SUZB3;59,2;-1.353,43;18,08;2,49;0,00%;0,771;8,33;8,37;-0,99;15,29;8,93;29,74%;-0,16%;2,08;10,37%;-1,34%;443.301.000,00;4.458.140.000,00;17,03;39,82%
SOMA3;16,09;-686,53;4,6;5,997;0,00%;3,079;8,57;5.649,67;14,25;5.528,73;75,28;0,11%;-0,87%;2,92;0,07%;-0,67%;39.617.500,00;1.700.030.000,00;0,19;0,00%
FHER3;16,5;-539,87;-5,71;0,346;0,00%;0,522;3,07;3,6;-0,86;3,7;3,33;9,60%;-0,06%;1,54;19,03%;1,06%;94.928.400,00;-155.575.000,00;-0,5;-22,12%
WEST3;10;-453,3;2,72;4,027;0,00%;2,068;3,12;-46,12;3,42;-30,86;-40,21;-8,73%;-0,89%;4,62;-23,24%;-0,60%;5.387.040,00;403.271.000,00;0,08;0,00%
DASA3;64;-412,4;9,94;4,406;0,39%;2,501;68,08;235,3;-5,81;263,92;40,93;1,87%;-1,02%;1,13;1,28%;-2,41%;22.126.800,00;3.527.320.000,00;1,65;24,16%
YDUQ3;32,77;-382,48;3,11;2,524;1,43%;1,05;5,47;38,03;-3,05;49,87;15,33;6,64%;-0,66%;2,52;3,64%;-0,81%;82.649.200,00;3.257.040.000,00;1,6;4,74%
MAPT4;47;-280,47;-7,43;0;0,00%;55,877;-1.107,51;-324,76;-6,56;-324,76;-324,76;0,00%;0,00%;0;-18,10%;2,65%;2.550,80;-5.811.000,00;0;0,00%
DMVF3;9,45;-233,61;0,58;0,489;0,00%;0,332;3,59;6,5;-3,01;5,95;2,86;7,52%;-0,21%;1,41;6,40%;-0,25%;2.754.100,00;827.695.000,00;0,13;0,00%
TCNO3;5,29;-230,39;318,36;0;0,00%;0,149;-0,36;-10,52;-0,18;-20,6;-23,17;0,00%;0,00%;0,29;-1,91%;-138,18%;1.909.810,00;110.000,00;304,96;-56,39%
TCNO4;4,37;-190,33;263;0;0,00%;0,123;-0,29;-8,69;-0,15;-18,77;-21,11;0,00%;0,00%;0,29;-1,91%;-138,18%;2.653.280,00;110.000,00;304,96;-56,39%
NORD3;19,5;-146,22;-0,92;79,354;0,00%;7,462;-2,77;-139,88;-0,83;-180,25;-180,25;-56,73%;-54,27%;0,03;-5,40%;0,63%;15.383,00;-140.225.000,00;-0,27;79,64%
BTOW3;66,71;-140,25;4,05;3,286;0,00%;1,904;5,15;112,07;17,57;105,22;37,1;2,93%;-2,34%;2,38;4,03%;-2,89%;190.736.000,00;9.231.500.000,00;0,55;6,34%
GUAR3;20,5;-121,03;2,08;1,745;2,13%;0,766;2,96;-38,22;-40,23;-42,37;43,63;-4,57%;-1,44%;1,73;-2,79%;-1,72%;15.719.000,00;4.927.370.000,00;0,78;1,20%
LINX3;37,4;-90,95;4,38;7,885;1,52%;2,745;11,96;53,17;47,06;51,49;22,97;14,83%;-8,67%;2,14;6,82%;-4,81%;53.000.000,00;1.619.010.000,00;0,22;15,54%
BRKM5;60;-87,21;111,19;0,697;0,00%;0,508;7,63;3,63;-0,86;5,59;4,29;19,18%;-0,79%;1,19;20,57%;-127,49%;210.277.000,00;430.211.000,00;97,94;7,85%
DTCY3;11,49;-86,59;27,35;10,17;0,00%;5,588;-25,64;-91,48;-9,75;-92,81;47,18;-11,12%;-11,74%;0,5;-6,32%;-31,58%;165.813,00;4.677.000,00;0,51;-3,99%
BRKM3;58,1;-84,45;107,66;0,675;0,00%;0,492;7,39;3,52;-0,83;5,48;4,2;19,18%;-0,79%;1,19;20,57%;-127,49%;1.062.540,00;430.211.000,00;97,94;7,85%
CTSA3;3,08;-83,63;1,2;0,688;0,00%;0,479;-14,84;25,12;-2,88;41,8;21,77;2,74%;-0,82%;0,93;2,31%;-1,43%;449.437,00;285.946.000,00;0,84;6,44%
CTSA4;2,98;-80,92;1,16;0,666;0,00%;0,464;-14,36;24,3;-2,79;40,98;21,35;2,74%;-0,82%;0,93;2,31%;-1,43%;785.146,00;285.946.000,00;0,84;6,44%
OPCT3;8,88;-73,83;1,93;2,787;0,00%;0,932;2,55;107,96;299,89;107,21;16,21;2,58%;-3,78%;3,35;1,60%;-2,62%;5.706.700,00;917.748.000,00;0,88;0,00%
BRKM6;44;-63,95;81,54;0,511;0,00%;0,373;5,6;2,67;-0,63;4,62;3,54;19,18%;-0,79%;1,19;20,57%;-127,49%;4.515,43;430.211.000,00;97,94;7,85%
SBFG3;38,91;-59,98;4,79;3,471;0,00%;1,511;6,7;-116,25;-9,11;-134,73;60,92;-2,99%;-5,79%;1,77;-1,58%;-7,99%;38.432.000,00;1.964.980.000,00;0,97;7,54%
PRNR3;10,3;-58,06;1,78;1,604;0,00%;1,186;3,5;-55,24;5,29;-52,29;26,7;-2,90%;-2,96%;2,54;-2,94%;-3,06%;3.629.530,00;224.975.000,00;0,25;-1,18%
BOBR4;2,61;-52,56;-2,5;0,611;0,00%;1,05;-3,01;9,35;-1,02;13,25;10,11;6,53%;-1,16%;0,53;14,74%;4,77%;1.063.160,00;-271.457.000,00;-1,08;0,80%
ORVR3;29;-47,22;5,56;5,339;0,00%;2,018;7,36;41,04;-15,94;41,01;20,89;13,01%;-3,29%;2,24;7,98%;-11,78%;8.071.830,00;372.441.000,00;0,94;0,00%
CVCB3;27,06;-39,47;15,66;13,827;0,00%;1,127;52,81;-8,64;-3,27;-9,33;-13,94;-159,97%;-39,79%;1,04;-17,11%;-39,67%;166.507.000,00;347.610.000,00;3,4;-16,72%
HBRE3;17,95;-38,57;1,04;24,07;0,00%;0,553;4,82;26,05;-2,99;29,6;29,37;92,38%;-71,98%;2,25;2,67%;-2,71%;2.260.090,00;1.775.530.000,00;0,51;0,00%
GFSA3;4,44;-35,05;0,85;1,359;0,00%;0,308;1,67;19,92;-37,67;29,25;25,79;6,82%;-3,93%;1,42;1,98%;-2,42%;21.458.100,00;1.575.410.000,00;0,84;2,40%
MBLY3;17,4;-33,75;2,67;2,814;0,00%;1,986;2,98;-54,99;3,23;-39,73;-216,51;-5,12%;-8,34%;4,25;-13,56%;-7,90%;3.595.280,00;694.917.000,00;0,08;0,00%
TELB3;66,02;-32,95;2,98;16,533;0,00%;1,073;4,43;-14,57;-3,28;-12,35;-48,81;-113,50%;-50,18%;4,42;-9,72%;-9,06%;88.942,20;1.501.070.000,00;0,17;79,06%
HBSA3;6,54;-30,73;3,67;3,434;0,00%;0,79;4,42;25,76;-1,49;44,09;19,23;13,33%;-11,18%;3,33;3,84%;-11,94%;39.318.200,00;1.355.570.000,00;3,46;52,34%
ELMD3;18,64;-28,77;3,44;11,677;0,00%;1,58;5,5;-29,46;-24,38;-29,04;-150,56;-39,64%;-41,19%;2,53;-10,38%;-11,94%;3.021.890,00;749.032.000,00;0,88;0,00%
BRML3;10,04;-24,63;0,81;10,169;0,00%;0,447;4,94;18,89;-1,44;23,95;22,23;53,84%;-46,61%;4,7;2,63%;-3,29%;177.988.000,00;10.802.900.000,00;0,39;-7,61%
AALR3;11,96;-21,56;1,18;1,446;0,00%;0,551;24,42;65,68;-1,88;91,81;13,93;2,20%;-6,12%;1,11;0,95%;-5,46%;18.639.300,00;1.201.020.000,00;0,66;-1,06%
ECOR3;11,66;-18,63;56,32;2,012;0,00%;0,716;-12,57;4,72;-0,88;8,8;6,59;42,62%;-10,80%;0,75;17,90%;-302,32%;60.036.300,00;144.166.000,00;59,75;9,67%
TECN3;3,46;-18,43;0,87;1,104;0,00%;0,45;1;9,65;4,35;10,78;18,58;11,44%;-5,99%;4,36;5,98%;-4,71%;12.680.100,00;312.802.000,00;0,44;-7,84%
CEAB3;14;-17,3;1,71;1,111;0,00%;0,635;4,34;-11,56;-3,31;-12,04;28,98;-9,61%;-6,42%;1,5;-7,72%;-9,88%;20.978.600,00;2.524.430.000,00;0,48;-20,89%
TELB4;32,49;-16,21;1,47;8,136;0,00%;0,528;2,18;-7,17;-1,61;-4,95;-19,57;-113,50%;-50,18%;4,42;-9,72%;-9,06%;431.907,00;1.501.070.000,00;0,17;79,06%
MDNE3;9,53;-15,92;0,79;1,33;0,00%;0,371;1,73;11,89;-3,31;12,2;11,41;11,19%;-8,85%;2,04;3,36%;-4,97%;3.215.110,00;1.021.700.000,00;0,13;-4,25%
BIOM3;16,39;-15,71;6,45;17,62;0,00%;2,639;9,35;-20,16;-13,3;-21,87;-21,92;-87,40%;-112,13%;3,56;-17,68%;-41,04%;185.413,00;172.231.000,00;1,08;648,25%
TESA3;50,05;-13,56;2,1;1,074;0,00%;0,531;-1,76;6,8;-1,18;11,83;8,91;15,80%;-7,93%;0,5;8,87%;-15,52%;3.892.770,00;688.967.000,00;1,57;12,55%
TXRX3;31,25;-9,83;-0,43;1,36;0,00%;0,669;-0,49;10,85;-0,31;30,45;20,91;12,54%;-13,83%;0,23;9,33%;4,34%;10.970,00;-311.894.000,00;-0,77;4,45%
AHEB6;51,5;-9,35;-17,57;2,392;0,00%;1,563;-7,79;-12,39;-1,8;-11,94;-15,48;-19,32%;-25,58%;0,52;-14,15%;187,86%;1.140,18;-25.048.000,00;0;53,45%
ECPR3;89;-8,09;1,04;0;0,00%;0,582;1.166,21;-83,14;-1,33;-82,97;-83,14;0,00%;0,00%;1,12;-0,70%;-12,88%;802,3;162.368.000,00;0;0,00%
JBDU3;10,3;-7,98;0,85;0;0,00%;0,271;-1,54;-163,08;-0,4;-181,66;-181,66;0,00%;0,00%;0;-0,17%;-10,59%;3.182.860,00;61.173.000,00;0,1;0,00%
ECPR4;85,8;-7,8;1;0;0,00%;0,561;1.124,28;-80,15;-1,28;-79,98;-80,14;0,00%;0,00%;1,12;-0,70%;-12,88%;3.147,48;162.368.000,00;0;0,00%
ALPK3;8,21;-7,57;2,59;2,784;0,00%;0,583;-3,19;32,1;-0,85;61,41;9,92;8,67%;-36,72%;0,32;1,95%;-34,25%;260.039,00;613.948.000,00;2,54;0,00%
PINE4;3,04;-7,41;0,6;0;0,00%;0;0;0;0;0;0;0,00%;0,00%;0;0,00%;-8,11%;3.965.450,00;750.054.000,00;0;24,34%
AMAR3;8,6;-5,95;2,38;1,136;0,00%;0,686;8,88;43,39;-3,31;66,5;10,08;2,62%;-13,69%;1,18;2,04%;-40,02%;78.734.100,00;945.580.000,00;1,56;-7,08%
BKBR3;11,84;-5,9;1,94;1,515;0,00%;0,886;8,41;-7,37;-2,89;-7,85;-34,24;-20,55%;-25,67%;1,8;-15,13%;-32,90%;25.799.100,00;1.678.940.000,00;0,49;5,44%
JBDU4;7,4;-5,73;0,61;0;0,00%;0,195;-1,11;-117,16;-0,29;-135,74;-135,74;0,00%;0,00%;0;-0,17%;-10,59%;6.644.500,00;61.173.000,00;0,1;0,00%
MYPK3;16,42;-5,62;0,66;0,261;0,00%;0,185;-29,65;14,39;-0,73;37,52;8,69;1,81%;-3,85%;0,99;1,68%;-11,71%;34.055.900,00;3.838.540.000,00;1,45;9,77%
FRIO3;65,02;-5,42;-4,27;0,175;0,00%;0,13;1,02;5,37;-0,5;22,05;9,95;3,25%;-1,88%;1,21;4,77%;78,80%;12.751,90;-62.519.000,00;-21;14,31%
BAHI3;83,2;-5,06;1,13;0,912;0,00%;0,335;-6,01;65,24;-0,71;46,84;13,87;1,40%;-17,98%;0,8;0,63%;-22,36%;77.834,20;177.754.000,00;0,28;142,37%
EMBR3;18,95;-4,96;0,92;0,626;0,00%;0,239;0,71;31,77;-1,53;56,98;12,72;1,97%;-12,58%;2,45;1,05%;-18,48%;192.392.000,00;15.306.500.000,00;1,62;-2,93%
IRBR3;5,72;-4,89;1,65;0,85;3,35%;0,31;0;-3,66;0;0;0;-23,22%;-17,39%;0;0,00%;-33,77%;142.200.000,00;4.395.840.000,00;0;-29,30%
AHEB3;26,01;-4,72;-8,87;1,208;0,00%;0,79;-3,94;-6,26;-0,91;-5,81;-7,53;-19,32%;-25,58%;0,52;-14,15%;187,86%;10.104,80;-25.048.000,00;0;53,45%
TCSA3;8,22;-4,56;0,81;3,575;0,00%;0,343;1,67;-6,54;-2,03;-9,63;-10,53;-54,65%;-79,48%;2,14;-6,23%;-17,72%;10.399.500,00;749.346.000,00;0,74;-8,83%
JFEN3;5,35;-4,3;-1,56;30,608;0,00%;0,442;-5,39;-6;-0,84;-12,06;-12,24;-510,08%;-718,45%;0,91;-7,85%;36,19%;2.355.320,00;-361.555.000,00;-1,61;-38,72%
VLID3;10,75;-4,21;0,73;0,449;0,00%;0,278;2,49;12,71;-2,26;24,86;7,72;3,53%;-10,45%;1,31;2,92%;-17,34%;7.652.610,00;1.208.360.000,00;1,2;6,25%
ADHM3;1,56;-4,09;-1,29;770,924;0,00%;105,126;-1,43;-5,69;-1,27;-5,69;-5,81;-13548,50%;-18860,60%;0;521,70%;31,47%;2.064,00;-19.776.000,00;0;43,48%
AHEB5;21,51;-3,91;-7,34;0,999;0,00%;0,653;-3,25;-5,17;-0,75;-4,73;-6,13;-19,32%;-25,58%;0,52;-14,15%;187,86%;773,23;-25.048.000,00;0;53,45%
SHOW3;5,86;-3,73;2,08;38,794;0,00%;0,77;4,94;-6,02;-5,52;-4,89;-6,36;-644,36%;-1049,42%;1,46;-23,43%;-55,74%;10.348.800,00;189.838.000,00;0,69;-59,27%
CEDO3;10,26;-3,73;0,77;0,153;0,00%;0,142;-4,41;2,67;-0,43;8;5,48;5,75%;-4,72%;0,93;6,62%;-20,56%;56.492,90;133.689.000,00;1,64;5,46%
SGPS3;10,61;-3,63;0,49;0,319;0,00%;0,166;1,76;6,41;-0,75;15,69;7,23;4,98%;-8,79%;1,27;2,94%;-13,42%;2.030.830,00;1.089.570.000,00;0,87;-9,97%
CRDE3;24,55;-3,5;0,56;28,14;0,00%;0,5;3,83;-6,15;5,47;-4,39;-4,4;-457,45%;-802,32%;2,74;-9,66%;-16,10%;12.980,40;105.403.000,00;0;-35,05%
CTNM3;12;-3,49;0,44;0,173;0,00%;0,084;2,58;2,47;-0,33;11,31;6,53;6,99%;-8,21%;1,09;3,87%;-12,67%;14.448,70;831.219.000,00;1,82;-7,02%
TXRX4;9,59;-3,02;-0,13;0,417;0,00%;0,205;-0,15;3,33;-0,09;22,93;15,74;12,54%;-13,83%;0,23;9,33%;4,34%;83.674,00;-311.894.000,00;-0,77;4,45%
VIVR3;4,74;-2,96;-2,22;8,668;0,00%;1,646;-2,07;-12,12;-1,18;-16,57;-17,59;-71,55%;-292,41%;0,3;-15,49%;75,04%;74.526.300,00;-227.027.000,00;-0,95;129,78%
CEDO4;7,77;-2,83;0,58;0,116;0,00%;0,108;-3,34;2,02;-0,32;7,35;5,04;5,75%;-4,72%;0,93;6,62%;-20,56%;369.322,00;133.689.000,00;1,64;5,46%
ESTR4;62,1;-2,59;-0,1;0,343;0,00%;0,215;-0,1;3,64;-0,08;7,57;6,68;9,43%;-13,23%;0,19;6,51%;3,84%;12.970,20;-503.600.000,00;-0,13;-2,13%
MEAL3;3,98;-2,36;0,98;1,028;0,00%;0,411;4,02;-5,55;-1,25;-6,46;-51,59;-18,53%;-43,55%;1,68;-9,75%;-41,61%;18.902.300,00;1.160.480.000,00;0,61;-5,29%
MMXM3;14;-2,17;-0,11;0;0,00%;0,71;-0,1;4,7;-0,09;18,64;18,64;0,00%;0,00%;0,01;25,93%;4,97%;1.871.580,00;-842.661.000,00;-0,32;-28,51%
AZUL4;44,72;-2,07;-0,91;3,245;0,00%;1,018;-2,72;-12,37;-0,56;-16,76;50,13;-26,23%;-156,71%;0,45;-11,49%;44,18%;275.917.000,00;-16.908.800.000,00;-0,46;-12,98%
PLAS3;16,86;-2;-1,03;0,499;0,00%;0,337;-1,62;-2,83;-0,33;-4,81;-30,03;-17,65%;-24,90%;0,6;-13,60%;51,39%;304.864,00;-203.424.000,00;-0,89;4,53%
CTNM4;6,56;-1,91;0,24;0,094;0,00%;0,046;1,41;1,35;-0,18;10,19;5,88;6,99%;-8,21%;1,09;3,87%;-12,67%;205.514,00;831.219.000,00;1,82;-7,02%
AVLL3;26,1;-1,78;1,8;2,246;0,00%;0,262;2,8;-4,82;-0,57;-10,45;-12,01;-46,61%;-150,88%;1,31;-6,53%;-101,29%;242.186,00;324.228.000,00;2,98;0,00%
OIBR4;2,32;-1,78;3,24;2,039;0,00%;0,191;1,22;-4,13;-0,41;-11,68;85,55;-49,39%;-114,89%;1,5;-5,12%;-182,01%;3.772.930,00;4.260.170.000,00;6,62;-24,48%
GOLL4;23,45;-1,49;-0,55;1,937;0,00%;0,781;-1,1;-5,55;-0,36;-11,21;2.987,52;-34,90%;-128,13%;0,24;-17,77%;37,00%;170.488.000,00;-16.833.700.000,00;-0,62;-11,26%
BBRK3;2,44;-1,46;3,55;1,87;0,00%;0,997;-10,96;-6,53;-2,27;-5,39;-8,62;-28,62%;-132,45%;0,75;-19,48%;-242,34%;13.044.800,00;53.983.000,00;0;3,27%
COGN3;4,34;-1,39;0,62;1,716;0,00%;0,273;-6,62;-15,05;-1,13;-26,3;54,35;-11,40%;-123,43%;0,87;-2,12%;-44,62%;181.129.000,00;13.127.600.000,00;0,73;-0,32%
ATMP3;7,7;-1,27;1,55;0,211;0,00%;0,116;-0,52;-5,81;-0,16;-13,52;4,97;-3,63%;-16,68%;0,48;-2,29%;-122,21%;2.231.110,00;132.675.000,00;2,3;-18,78%
OIBR3;1,6;-1,23;2,24;1,406;0,00%;0,132;0,84;-2,85;-0,28;-10,4;76,16;-49,39%;-114,89%;1,5;-5,12%;-182,01%;100.484.000,00;4.260.170.000,00;6,62;-24,48%
INEP4;62,4;-1,21;-0,24;70,736;0,00%;0,372;-0,25;-1,76;-0,16;-4,27;-4,44;-4019,28%;-5674,00%;0,1;-23,14%;19,63%;3.859.170,00;-2.170.940.000,00;-0,34;-51,55%
INEP3;60,94;-1,18;-0,23;69,081;0,00%;0,363;-0,24;-1,72;-0,15;-4,23;-4,4;-4019,28%;-5674,00%;0,1;-23,14%;19,63%;2.863.400,00;-2.170.940.000,00;-0,34;-51,55%
RPMG3;5,16;-1,06;-0,11;0,229;0,00%;0,102;-0,12;-1,14;-0,1;-1,14;-1,15;-20,11%;-21,61%;0,53;-9,09%;10,30%;1.570.740,00;-3.205.130.000,00;0;24,03%
HOOT4;4,37;-1,06;-0,17;3,825;0,00%;0,172;-0,13;-1,47;-0,09;-1,46;-1,85;-259,46%;-362,56%;0,04;-12,02%;16,55%;314.934,00;-459.831.000,00;0;-33,51%
PMAM3;14,97;-0,94;-1,09;0,139;0,00%;0,177;-0,26;-15,65;-0,24;-88,99;32,2;-0,89%;-14,80%;0,38;-1,25%;116,86%;11.397.100,00;-593.952.000,00;-5,41;5,60%
PDGR3;6,63;-0,74;-0,07;1,464;0,00%;0,225;-0,16;-11,61;-0,06;-47,59;-51,5;-12,61%;-197,34%;0,36;-2,35%;9,03%;1.446.910,00;-5.538.610.000,00;-0,23;-3,74%
BAHI11;9,8;-0,6;0,13;0,107;0,00%;0,039;-0,71;7,68;-0,08;-10,72;-3,17;1,40%;-17,98%;0,8;0,63%;-22,36%;15.525,40;177.754.000,00;0,28;142,37%
CEED4;60;-0,45;-0,1;0,159;0,00%;0,117;-0,69;-1,98;-0,06;-5,32;-8,8;-8,06%;-35,58%;0,61;-7,06%;21,94%;1.803,61;-5.915.240.000,00;-0,18;63,69%
CEED3;59,5;-0,44;-0,1;0,158;0,00%;0,116;-0,69;-1,96;-0,06;-5,31;-8,78;-8,06%;-35,58%;0,61;-7,06%;21,94%;9.316,09;-5.915.240.000,00;-0,18;63,69%
SNSY5;6,04;-0,38;-0,03;0,081;0,00%;0,112;-0,35;-1,38;-0,03;-5,16;-10,89;-5,89%;-21,25%;0,64;-9,46%;8,82%;184.993,00;-1.392.670.000,00;-0,1;11,35%
BDLL4;13,05;-0,35;-0,13;1,242;0,00%;0,031;-0,09;-0,54;-0,04;-6,82;-8,42;-231,34%;-350,00%;0,52;-6,84%;35,27%;131.258,00;-166.839.000,00;-1,47;-46,98%
HETA3;120;-0,35;-0,11;37,918;0,00%;5,621;-0,97;-2.781,82;-0,11;-17.535,50;-17.535,50;-1,36%;-10714,70%;0;-0,20%;31,11%;15.037,50;-555.806.000,00;-0,58;-15,93%
BDLL3;12,3;-0,33;-0,12;1,17;0,00%;0,029;-0,08;-0,51;-0,03;-6,79;-8,39;-231,34%;-350,00%;0,52;-6,84%;35,27%;64.642,80;-166.839.000,00;-1,47;-46,98%
GSHP3;38,9;-0,23;-0,12;0,826;0,00%;0,043;-1,27;6,95;-0,04;168,98;137,33;11,88%;-353,92%;0,8;0,69%;51,20%;81.463,50;-627.773.000,00;-3,04;-24,51%
SLED3;1,05;-0,17;-0,12;0,5;0,00%;0,234;-0,98;-0,67;-0,09;-3,25;-4,95;-74,86%;-291,27%;0,65;-51,80%;68,74%;568.692,00;-563.695.000,00;-0,48;-46,36%
TEKA3;38;-0,17;-0,01;0,129;0,00%;0,019;-0,01;-8,74;-0,01;-252,48;256,82;-1,48%;-77,74%;0,03;-0,35%;6,71%;9.668,39;-1.710.890.000,00;-0,31;0,31%
LLIS3;4,29;-0,15;1,24;0,529;0,00%;0,14;1,48;-0,91;-0,21;-5,75;-2,33;-58,44%;-115,38%;1,68;-16,83%;-840,73%;9.948.360,00;238.492.000,00;6,86;-16,51%
SLED4;0,6;-0,1;-0,07;0,286;0,00%;0,134;-0,56;-0,38;-0,05;-2,96;-4,51;-74,86%;-291,27%;0,65;-51,80%;68,74%;873.272,00;-563.695.000,00;-0,48;-46,36%
TEKA4;19,35;-0,08;-0,01;0,066;0,00%;0,01;0;-4,45;0;-248,19;252,46;-1,48%;-77,74%;0,03;-0,35%;6,71%;103.881,00;-1.710.890.000,00;-0,31;0,31%
HETA4;14,19;-0,04;-0,01;4,484;0,00%;0,665;-0,11;-328,95;-0,01;-15.082,60;-15.082,60;-1,36%;-10714,70%;0;-0,20%;31,11%;144.692,00;-555.806.000,00;-0,58;-15,93%
OSXB3;11;-0,04;-0,01;2,756;0,00%;0,023;-0,06;-0,92;0;-121,76;-200,88;-299,01%;-6806,65%;0,03;-2,98%;15,68%;355.060,00;-5.550.780.000,00;-0,82;5,50%
AERI3;10,18;0;7,88;0;0,00%;2,808;6,6;0;72,48;0;0;0,00%;0,00%;2,65;0,00%;0,00%;39.008.400,00;989.867.000,00;1,48;0,00%
AESB3;13,84;0;2,95;0;1,23%;0,575;10,03;-46.417,10;-0,99;-84.523,10;-84.523,10;0,00%;0,00%;1,34;0,00%;0,00%;13.986.000,00;1.872.990.000,00;3,29;0,00%
APER3;46,74;0;2,47;0;0,00%;1,592;0;2.045,82;0;0;0;0,00%;0,00%;0;0,00%;0,00%;7.141.130,00;288.639.000,00;0;-1,09%
BRBI11;21,13;0;6,81;0;0,00%;2,34;7,29;0;7,29;0;0;0,00%;0,00%;1,49;0,00%;0,00%;6.185.890,00;324.651.000,00;0;0,00%
DOTZ3;14;0;-4,71;0;0,00%;9,952;-9,82;0;-4,13;0;0;0,00%;0,00%;0,41;0,00%;0,00%;1.363.070,00;-389.073.000,00;-0,32;0,00%
ENJU3;10,4;0;4,26;0;0,00%;3,954;4,46;0;4,49;0;0;0,00%;0,00%;14,59;0,00%;0,00%;19.458.600,00;482.921.000,00;0;0,00%
GGPS3;17,17;0;12,98;0;0,00%;2,542;18,19;0;-7,74;0;0;0,00%;0,00%;1,42;0,00%;0,00%;12.805.700,00;883.165.000,00;1,66;0,00%
GPAR3;44;0;2,29;0;3,23%;0;0;0;0;0;0;0,00%;0,00%;0;0,00%;0,00%;3.874,00;1.498.550.000,00;0;-0,39%
IFCM3;23,5;0;71,22;0;0,00%;9,766;-122,97;0;-21,44;0;0;0,00%;0,00%;0,84;0,00%;0,00%;11.436.800,00;79.090.000,00;1,49;0,00%
IGBR3;7,02;0;-0,1;0;0,00%;0,459;-1,17;0;-0,08;0;0;0,00%;0,00%;0,15;0,00%;0,00%;936.341,00;-923.772.000,00;-0,98;-23,89%
MODL11;18,65;0;7,42;0;0,29%;0;0;0;0;0;0;0,00%;0,00%;0;0,00%;0,00%;15.638.000,00;589.859.000,00;0;0,00%
MODL3;7,65;0;9,13;0;0,23%;0;0;0;0;0;0;0,00%;0,00%;0;0,00%;0,00%;483.689,00;589.859.000,00;0;0,00%
MODL4;5,5;0;6,57;0;0,32%;0;0;0;0;0;0;0,00%;0,00%;0;0,00%;0,00%;741.825,00;589.859.000,00;0;0,00%
NINJ3;24,91;0;43,4;0;0,00%;26,493;45,16;0;45,18;0;0;0,00%;0,00%;2,51;0,00%;0,00%;7.643.790,00;28.827.000,00;0;0,00%
RECV3;20,24;0;6,22;0;0,00%;2,356;-25,1;0;-4,87;0;0;0,00%;0,00%;0,59;0,00%;0,00%;17.782.700,00;807.899.000,00;1,22;0,00%
RRRP3;46,2;0;3,36;0;0,00%;2,035;4,24;0;14,3;0;0;0,00%;0,00%;9,5;0,00%;0,00%;76.238.500,00;1.822.510.000,00;0,39;0,00%
AZEV4;6,7;0,94;-2,04;5,09;0,00%;2,886;161,58;-28,7;-1,58;-28,64;-28,64;-17,73%;540,24%;1,03;-11,54%;-216,89%;6.535.980,00;-64.924.000,00;0;-56,95%
AZEV3;7,06;0,99;-2,15;5,363;0,00%;3,041;170,27;-30,24;-1,67;-30,18;-30,18;-17,73%;540,24%;1,03;-11,54%;-216,89%;1.541.830,00;-64.924.000,00;0;-56,95%
MWET4;22,89;1,57;-0,26;0,298;0,00%;0,248;-0,6;-7,08;-0,15;-13,78;-39,57;-4,21%;19,03%;0,4;-3,94%;-16,76%;323.021,00;-179.639.000,00;-0,26;8,80%
CEBR3;181,94;1,65;1,41;-7,833;21,20%;0,796;1,68;26,51;1,68;0,94;0,98;-29,54%;-483,43%;2,3;13,30%;85,42%;464.589,00;1.855.710.000,00;0;8,31%
CEBR5;185,5;1,69;1,44;-7,986;22,01%;0,812;1,71;27,03;1,72;1,46;1,52;-29,54%;-483,43%;2,3;13,30%;85,42%;144.740,00;1.855.710.000,00;0;8,31%
CEBR6;188,7;1,72;1,47;-8,124;22,48%;0,826;1,74;27,5;1,75;1,92;2,01;-29,54%;-483,43%;2,3;13,30%;85,42%;213.308,00;1.855.710.000,00;0;8,31%
PEAB3;65,78;1,77;1,49;8,765;46,13%;1,345;3,12;-23,45;3,82;-16,28;-19,64;-37,38%;494,84%;24,55;-9,79%;84,06%;18.111,60;567.669.000,00;0;-19,97%
PEAB4;70;1,89;1,58;9,327;47,69%;1,431;3,32;-24,95;4,07;-17,78;-21,46;-37,38%;494,84%;24,55;-9,79%;84,06%;10.728,90;567.669.000,00;0;-19,97%
CTKA4;24,4;2;-0,83;0,376;0,00%;0,283;1,13;5,6;-0,38;24,31;17,01;6,72%;18,79%;1,7;6,01%;-41,46%;91.152,80;-182.418.000,00;-2,95;6,71%
CTKA3;28,2;2,31;-0,96;0,435;0,00%;0,327;1,31;6,47;-0,44;25,18;17,62;6,72%;18,79%;1,7;6,01%;-41,46%;23.959,40;-182.418.000,00;-2,95;6,71%
MGEL4;19,25;2,51;-0,27;0,185;0,00%;0,237;0,6;1,86;-0,2;13,29;10,1;9,94%;7,38%;2,42;18,60%;-10,68%;449.919,00;-415.895.000,00;-1,86;10,29%
MWET3;42;2,87;-0,48;0,546;0,00%;0,455;-1,1;-12,99;-0,27;-19,69;-56,55;-4,21%;19,03%;0,4;-3,94%;-16,76%;7.831,09;-179.639.000,00;-0,26;8,80%
RSID3;11,22;3,47;-0,34;1,86;0,00%;0,121;-0,16;-3,29;-0,12;-17,09;-18,53;-56,60%;37,67%;0,32;-3,90%;-9,81%;1.525.720,00;-566.154.000,00;-1,51;-39,91%
BAZA3;39,7;3,48;0,47;0;6,54%;0;0;0;0;0;0;0,00%;0,00%;0;0,00%;13,57%;88.042,50;2.490.170.000,00;0;-9,72%
CPLE3;5,62;3,68;0,8;0,79;15,66%;0,326;12,51;3,49;-0,95;5,02;4,1;22,62%;21,55%;1,12;10,42%;21,72%;11.815.500,00;19.237.500.000,00;0,5;9,60%
MRFG3;19,26;3,68;5,9;0,192;1,06%;0,328;3,05;1,59;-0,73;3,73;3,19;12,11%;7,12%;1,31;30,68%;160,09%;191.667.000,00;2.322.490.000,00;12,71;46,05%
CPLE11;29,39;3,85;0,84;0,826;0,00%;0,341;13,08;3,65;-0,99;5,18;4,23;22,62%;21,55%;1,12;10,42%;21,72%;20.796.200,00;19.237.500.000,00;0,5;9,60%
TPIS3;3,41;3,87;0,71;0,626;1,21%;0,182;-0,91;-6,59;-0,27;-25,49;6,43;-9,50%;13,68%;0,23;-2,89%;18,30%;17.539.100,00;848.706.000,00;2,13;-11,49%
CPLE6;5,97;3,91;0,85;0,839;16,22%;0,346;13,29;3,71;-1,01;5,23;4,28;22,62%;21,55%;1,12;10,42%;21,72%;51.408.500,00;19.237.500.000,00;0,5;9,60%
PCAR3;39,21;4,35;0,75;0,239;5,54%;0,211;-5,08;2,57;-0,55;3,75;2,53;9,31%;5,82%;0,87;10,68%;17,29%;139.535.000,00;14.008.000.000,00;0,62;8,76%
CESP6;24,18;4,42;1,12;3,933;10,74%;0,545;983,49;13,91;-1,28;15,63;9,23;28,28%;88,93%;1,01;4,20%;25,40%;45.729.400,00;7.050.480.000,00;0,26;6,49%
MTIG4;52,21;4,43;0,33;0,12;0,00%;0,075;-0,53;-0,86;-0,17;-6,1;-8,42;-14,02%;2,71%;0,71;-9,55%;7,38%;4.560,00;38.517.600,00;2,02;-5,20%
LUPA3;6,57;4,49;1,37;3,151;0,00%;0,376;1,56;-8,14;-1,18;-12,81;-17,33;-38,73%;70,21%;2,47;-4,96%;30,53%;23.498.300,00;136.531.000,00;0,94;-29,64%
EUCA4;10,36;4,66;0,62;0,49;3,95%;0,346;3,92;3,23;-3,92;4,67;3,13;15,16%;8,22%;1,33;11,68%;13,30%;3.262.690,00;1.546.950.000,00;0,33;13,74%
CLSC3;70;4,71;1,24;0,291;4,52%;0,256;4,26;3,8;-0,61;5,18;3,86;7,67%;6,19%;1,19;8,36%;26,28%;17.431,60;2.183.800.000,00;0,92;10,03%
TRPL4;25,4;4,71;1,26;4,206;12,26%;0,631;7,16;4,17;-2,04;5,24;5,21;100,79%;89,45%;2,02;15,99%;26,69%;32.639.900,00;13.307.800.000,00;0,42;-11,23%
CLSC4;70,5;4,74;1,25;0,293;4,94%;0,258;4,29;3,82;-0,62;5,21;3,88;7,67%;6,19%;1,19;8,36%;26,28%;373.291,00;2.183.800.000,00;0,92;10,03%
SOND3;40,2;4,75;1,36;1,528;19,05%;0,988;2,57;79,11;3,56;47,2;19,03;1,93%;32,19%;3,28;2,09%;28,74%;91,36;72.413.000,00;0;0,90%
CYRE3;23,42;4,86;1,64;2,304;12,40%;0,803;2,38;15,21;18,95;16,49;15,5;15,15%;48,97%;2,78;6,43%;33,79%;159.787.000,00;5.696.170.000,00;0,47;10,74%
HAGA4;3,53;4,95;-0,61;1,114;0,00%;0,68;1,85;11,88;-0,53;11,72;7,98;9,37%;22,50%;1,8;13,76%;-12,39%;1.410.230,00;-68.474.400,00;-0,48;7,22%
CESP3;27,3;4,99;1,27;4,44;12,34%;0,615;1.110,39;15,7;-1,44;17,42;10,29;28,28%;88,93%;1,01;4,20%;25,40%;116.970,00;7.050.480.000,00;0,26;6,49%
TASA3;24,67;5,06;16,11;1,22;0,00%;1,455;5,99;4,46;-5,71;5,46;5,2;27,35%;24,13%;1,59;43,80%;318,75%;2.067.680,00;153.356.000,00;5,29;21,94%
DOHL4;7;5,12;0,79;0,925;7,65%;0,592;1,38;8,54;2,01;7,73;6,23;10,83%;18,07%;4,76;8,10%;15,40%;333.677,00;671.785.000,00;0,07;5,75%
TASA4;25,1;5,14;16,39;1,241;0,00%;1,481;6,09;4,54;-5,81;5,54;5,27;27,35%;24,13%;1,59;43,80%;318,75%;51.203.400,00;153.356.000,00;5,29;21,94%
TAEE11;37,41;5,25;1,95;3,41;14,21%;0,858;7,48;4,91;-2,22;6,98;6,94;69,43%;64,95%;2,93;18,85%;37,20%;79.088.400,00;6.598.210.000,00;0,98;32,43%
TAEE3;12,48;5,25;1,95;3,413;14,20%;0,859;7,48;4,92;-2,22;6,99;6,94;69,43%;64,95%;2,93;18,85%;37,20%;1.797.170,00;6.598.210.000,00;0,98;32,43%
TAEE4;12,48;5,25;1,95;3,413;14,20%;0,859;7,48;4,92;-2,22;6,99;6,94;69,43%;64,95%;2,93;18,85%;37,20%;4.136.900,00;6.598.210.000,00;0,98;32,43%
SOND6;45,5;5,37;1,54;1,729;18,51%;1,118;2,91;89,54;4,03;57,63;23,24;1,93%;32,19%;3,28;2,09%;28,74%;1.095,34;72.413.000,00;0;0,90%
BNBR3;67;5,42;0,89;0;4,21%;0;0;0;0;0;0;0,00%;0,00%;0;0,00%;16,34%;18.111,60;6.534.870.000,00;0;18,90%
DMMO3;0,94;5,47;-0,38;1,129;0,00%;1,285;-1,87;-9,33;-0,32;-8,26;31;-12,10%;20,65%;0,33;-64,83%;-7,03%;11.873.200,00;-758.311.000,00;-0,01;-0,58%
RAPT3;12,67;5,51;2,01;0,717;4,79%;0,461;1,59;5,67;-4,69;7,86;6,3;12,64%;16,47%;1,93;12,41%;36,45%;413.461,00;2.183.370.000,00;1,81;25,34%
RSUL4;370;5,88;5,45;0,956;0,00%;0,857;7,15;5,21;-1,97;5,2;4,6;18,33%;16,25%;1,42;19,00%;92,62%;185.487,00;39.615.000,00;0,34;18,23%
JBSS3;29,53;5,9;1,84;0,257;3,44%;0,445;4,96;3,33;-1,15;5,9;4,31;7,70%;4,39%;1,35;16,88%;31,28%;348.576.000,00;40.209.300.000,00;1,68;15,05%
RAPT4;13,57;5,9;2,15;0,768;4,48%;0,494;1,7;6,08;-5,02;8,27;6,62;12,64%;16,47%;1,93;12,41%;36,45%;53.257.800,00;2.183.370.000,00;1,81;25,34%
SULA4;10,74;5,91;1,71;0,736;4,61%;0,495;1,23;12,9;-27,4;-1,25;-1,13;5,71%;12,46%;2,39;10,07%;28,87%;495.704,00;8.042.800.000,00;0,27;4,31%
TRPL3;32;5,94;1,58;5,299;9,73%;0,795;9,02;5,26;-2,57;6,33;6,29;100,79%;89,45%;2,02;15,99%;26,69%;110.532,00;13.307.800.000,00;0,42;-11,23%
BGIP4;24;5,95;0,72;0;4,54%;0;0;0;0;0;0;0,00%;0,00%;0;0,00%;12,10%;28.336,30;509.054.000,00;0;9,22%
EALT4;6,97;5,97;0,87;0,592;4,39%;0,35;5,76;5,48;-2,09;7,61;5,72;10,80%;9,91%;1,16;7,40%;14,57%;571.560,00;180.267.000,00;0,55;23,11%
CSNA3;45,07;6,02;4,35;1,707;1,45%;0,897;4,73;4,89;-2,76;6,13;5,11;34,93%;30,84%;1,8;28,24%;72,25%;488.196.000,00;14.387.500.000,00;2,37;18,64%
JHSF3;7,17;6,04;1,26;3,557;4,89%;0,648;4,24;5,97;-3,13;6,54;6,28;59,54%;58,42%;2,35;13,01%;20,79%;35.655.900,00;3.933.220.000,00;0,42;40,08%
CMIG4;12,11;6,13;1,15;0,78;9,53%;0,387;3,66;4,14;-1;5,98;4,99;18,83%;12,73%;1,62;10,88%;18,68%;109.883.000,00;17.894.900.000,00;0,82;8,23%
SOND5;52,49;6,2;1,78;1,995;16,05%;1,29;3,35;103,3;4,65;71,38;28,79;1,93%;32,19%;3,28;2,09%;28,74%;1.524,27;72.413.000,00;0;0,90%
SAPR3;4,05;6,2;0,85;1,28;4,55%;0,439;7,19;3,53;-1,37;5,14;4,23;36,25%;20,64%;1,6;13,94%;13,73%;3.634.300,00;7.189.650.000,00;0,57;8,11%
GEPA4;37,19;6,2;1,83;2,682;12,98%;0,805;-7,48;2,89;-2,01;3,76;3,44;92,66%;43,24%;0,6;35,12%;29,53%;87.695,40;1.917.290.000,00;0,83;-0,69%
SAPR11;20,28;6,21;0,85;1,282;4,90%;0,44;7,2;3,54;-1,37;5,14;4,24;36,25%;20,64%;1,6;13,94%;13,73%;38.562.900,00;7.189.650.000,00;0,57;8,11%
HAGA3;4,43;6,21;-0,77;1,398;0,00%;0,853;2,32;14,91;-0,67;14,75;10,04;9,37%;22,50%;1,8;13,76%;-12,39%;250.332,00;-68.474.400,00;-0,48;7,22%
ENBR3;17,77;6,22;1,04;0,701;5,63%;0,348;9,89;3,38;-0,93;5,53;4,55;20,77%;12,59%;1,16;12,27%;16,74%;62.976.600,00;10.352.300.000,00;0,97;11,76%
SAPR4;4,07;6,23;0,86;1,287;4,98%;0,442;7,23;3,55;-1,38;5,15;4,25;36,25%;20,64%;1,6;13,94%;13,73%;16.122.300,00;7.189.650.000,00;0,57;8,11%
SULA11;34,11;6,26;1,81;0,779;4,35%;0,524;1,3;13,66;-29;-0,49;-0,44;5,71%;12,46%;2,39;10,07%;28,87%;167.250.000,00;8.042.800.000,00;0,27;4,31%
ETER3;23,78;6,33;5,37;1,749;0,00%;1,762;4,72;8,42;158,05;7,57;6,82;20,76%;27,62%;2,2;31,56%;84,89%;92.150.400,00;273.331.000,00;0,25;-0,86%
GEPA3;38,46;6,41;1,89;2,774;12,55%;0,833;-7,74;2,99;-2,08;3,86;3,53;92,66%;43,24%;0,6;35,12%;29,53%;5.761,02;1.917.290.000,00;0,83;-0,69%
CSMG3;15;6,52;0,86;1,048;18,97%;0,481;13,12;4,25;-1,84;6,24;4,2;24,67%;16,09%;1,25;12,51%;13,24%;32.620.800,00;6.611.550.000,00;0,55;7,81%
NEOE3;17,47;6,55;0,97;0,622;3,01%;0,293;5,76;3,39;-0,6;7,66;6,03;18,38%;9,82%;1,33;9,67%;14,80%;40.822.300,00;21.884.000.000,00;1,41;20,34%
PETR4;29,18;6,7;1,21;1,346;2,72%;0,381;12,9;3,56;-0,73;6,68;4,2;37,80%;20,24%;1,24;11,90%;18,12%;1.933.810.000,00;313.395.000.000,00;1,29;0,42%
BMEB4;20;6,75;1,01;0;4,27%;0;0;0;0;0;0;0,00%;0,00%;0;0,00%;14,95%;137.201,00;1.038.950.000,00;0;12,09%
MTSA4;50;6,8;1,59;1,125;4,38%;1,104;2,2;9,22;2,33;8,08;6,89;12,20%;16,54%;2,83;17,17%;23,32%;202.450,00;288.125.000,00;0,18;15,03%
BBAS3;32,14;6,83;0,72;0;6,29%;0;0;0;0;0;0;0,00%;0,00%;0;0,00%;10,57%;467.669.000,00;127.589.000.000,00;0;-4,41%
PETR3;30,03;6,9;1,25;1,385;3,43%;0,392;13,28;3,67;-0,75;6,78;4,26;37,80%;20,24%;1,24;11,90%;18,12%;567.578.000,00;313.395.000.000,00;1,29;0,42%
SULA3;12,62;6,94;2;0,865;3,92%;0,581;1,45;15,16;-32,19;1,01;0,92;5,71%;12,46%;2,39;10,07%;28,87%;370.630,00;8.042.800.000,00;0,27;4,31%
POSI3;12,2;7,14;1,59;0,695;2,79%;0,586;1,7;15,94;3,58;18,39;13,02;4,36%;9,93%;1,77;6,06%;22,33%;120.642.000,00;1.085.750.000,00;0,73;6,67%
ALUP3;8,82;7,14;1,27;1,188;3,17%;0,329;4,66;2,03;-0,78;3,94;3,8;58,45%;35,84%;1,71;17,79%;17,83%;204.401,00;6.091.770.000,00;1,5;49,07%
ALUP11;26,47;7,14;1,27;1,189;3,17%;0,33;4,66;2,03;-0,78;3,94;3,8;58,45%;35,84%;1,71;17,79%;17,83%;22.206.700,00;6.091.770.000,00;1,5;49,07%
BRSR6;13,09;7,15;0,62;0;5,77%;0;0;0;0;0;0;0,00%;0,00%;0;0,00%;8,73%;22.266.900,00;8.579.010.000,00;0;10,18%
ALUP4;8,91;7,21;1,29;1,2;3,14%;0,333;4,7;2,05;-0,79;3,96;3,82;58,45%;35,84%;1,71;17,79%;17,83%;251.385,00;6.091.770.000,00;1,5;49,07%
BRAP3;64,71;7,23;1,85;0;7,65%;1,685;212,04;-1.104,09;228,94;-1.043,22;-1.043,22;0,00%;0,00%;1,09;-0,17%;25,60%;2.577.620,00;12.164.200.000,00;0;0,00%
BMEB3;21,48;7,25;1,08;0;3,61%;0;0;0;0;0;0;0,00%;0,00%;0;0,00%;14,95%;10.425,70;1.038.950.000,00;0;12,09%
CMIG3;14,49;7,34;1,37;0,934;7,96%;0,463;4,38;4,96;-1,2;6,8;5,67;18,83%;12,73%;1,62;10,88%;18,68%;7.281.130,00;17.894.900.000,00;0,82;8,23%
TKNO4;55,05;7,44;0,81;0,816;4,44%;0,597;1,55;6,58;1,75;5,57;4,66;12,41%;10,97%;2,74;12,31%;10,94%;2.133,16;199.456.000,00;0,05;13,28%
CSAB4;50;7,47;2,21;131,642;4,09%;1,018;0;7,72;0;0;0;1705,97%;1762,43%;0;0,00%;29,60%;1.463,57;173.682.000,00;0;-12,09%
BEEF3;9,36;7,51;5,07;0,244;11,00%;0,283;0,88;2,68;-1,06;5,49;4,71;9,12%;3,26%;1,9;20,58%;67,61%;75.961.400,00;1.013.840.000,00;11,63;20,49%
ENGI4;7,18;7,59;1,75;0,62;3,84%;0,29;6,12;4,03;-0,54;8,6;6,23;15,38%;9,04%;1,2;8,52%;23,00%;257.872,00;7.459.190.000,00;2,66;15,52%
CESP5;42;7,68;1,95;6,831;6,18%;0,946;1.708,29;24,15;-2,22;25,88;15,28;28,28%;88,93%;1,01;4,20%;25,40%;38.795,90;7.050.480.000,00;0,26;6,49%
CAML3;9,7;7,76;1,32;0,481;6,31%;0,582;1,63;5,99;10,37;8,08;6,34;8,02%;6,20%;2,38;13,68%;17,08%;12.954.400,00;2.708.710.000,00;0,87;10,17%
PLPL3;6,24;7,88;4,55;1,255;3,14%;1,089;1,36;4,2;5,18;4,5;4,21;29,89%;15,93%;5,68;37,45%;57,76%;9.796.460,00;280.150.000,00;1,33;0,00%
BRSR3;14,47;7,9;0,69;0;5,22%;0;0;0;0;0;0;0,00%;0,00%;0;0,00%;8,73%;226.086,00;8.579.010.000,00;0;10,18%
BEES3;5,3;7,97;0,95;0;4,32%;0;0;0;0;0;0;0,00%;0,00%;0;0,00%;11,91%;258.731,00;1.764.020.000,00;0;5,77%
RNEW4;3,63;7,98;-0,32;4,502;0,00%;0,137;0,65;-4,69;-0,15;-23,18;-26,5;-95,90%;56,44%;1,75;-3,51%;-4,04%;2.276.500,00;-1.127.370.000,00;-1,62;-47,91%
CEPE5;30;8,05;1,25;0,312;11,61%;0,2;4;2,9;-0,32;9,38;6,72;10,76%;3,88%;1,29;7,62%;15,52%;11.956,50;1.792.000.000,00;3;10,06%
DEXP4;38,1;8,07;3,72;1,077;0,00%;1,278;7,01;12,41;-10,53;13,37;10,59;8,68%;16,04%;1,65;11,59%;46,07%;171.152,00;321.328.000,00;0,38;25,49%
BMGB4;4,72;8,11;0,68;0;3,84%;0;0;0;0;0;0;0,00%;0,00%;0;0,00%;8,40%;9.408.820,00;4.043.590.000,00;0;0,00%
BRDT3;29,39;8,22;2,7;0,396;8,47%;1,17;3,43;13,56;-18,32;15,92;13,11;2,92%;4,82%;3,13;10,60%;32,78%;302.357.000,00;12.700.000.000,00;0,78;-0,61%
CPFE3;26,82;8,35;2,08;0,969;12,31%;0,594;-186,77;5,68;-1,38;8,24;6,57;17,06%;11,80%;0,99;12,55%;24,88%;52.031.000,00;14.867.800.000,00;1,31;10,31%
BRAP4;75,02;8,38;2,15;0;7,26%;1,953;245,82;-1.280,00;265,41;-1.219,13;-1.219,13;0,00%;0,00%;1,09;-0,17%;25,60%;171.360.000,00;12.164.200.000,00;0;0,00%
GPIV33;6,06;8,39;0,45;2,462;0,00%;0,2;1,04;3,69;28,37;0,77;0,77;66,73%;49,68%;3,91;6,93%;5,31%;1.499.670,00;1.493.730.000,00;0,12;-12,57%
RNEW11;11,5;8,42;-0,34;4,754;0,00%;0,145;0,69;-4,96;-0,15;-23,45;-26,8;-95,90%;56,44%;1,75;-3,51%;-4,04%;698.131,00;-1.127.370.000,00;-1,62;-47,91%
CMIN3;9,13;8,52;3,85;2,899;5,65%;2,341;11,83;5,28;330,82;4,89;4,34;54,96%;34,03%;1,98;64,23%;45,24%;106.365.000,00;13.244.600.000,00;0,11;0,00%
CEPE6;31,9;8,56;1,33;0,332;12,01%;0,212;4,25;3,09;-0,34;9,56;6,86;10,76%;3,88%;1,29;7,62%;15,52%;18.554,40;1.792.000.000,00;3;10,06%
EQTL3;24,46;8,56;2,43;1,387;4,25%;0,584;3,5;5,17;-1,54;7,33;6,37;26,80%;19,00%;2;14,15%;28,37%;154.260.000,00;10.179.600.000,00;1,68;26,43%
CGRA3;33,84;8,56;1,03;1,479;3,87%;0,735;2,61;13,58;3,89;10,64;8,17;10,89%;17,29%;2,46;7,40%;12,02%;42.854,90;644.564.000,00;0;3,41%
BALM3;19,21;8,6;1,56;1,139;3,12%;0,863;2,22;8,66;3,38;7,9;6,92;13,16%;12,37%;2,4;12,56%;18,11%;17.053,60;120.924.000,00;0,15;10,90%
CGRA4;34,3;8,67;1,04;1,499;3,82%;0,745;2,65;13,77;3,94;10,82;8,32;10,89%;17,29%;2,46;7,40%;12,02%;577.172,00;644.564.000,00;0;3,41%
BGIP3;35,13;8,72;1,05;0;2,82%;0;0;0;0;0;0;0,00%;0,00%;0;0,00%;12,10%;16.269,00;509.054.000,00;0;9,22%
BALM4;19,67;8,8;1,59;1,167;3,41%;0,884;2,28;8,87;3,47;8,11;7,11;13,16%;12,37%;2,4;12,56%;18,11%;95.666,10;120.924.000,00;0,15;10,90%
GOAU3;12,99;8,85;1,1;0,277;3,46%;0,203;0,86;1,95;-2,55;3,23;2,4;14,19%;9,10%;2,44;13,30%;12,41%;1.433.100,00;12.859.100.000,00;1,38;7,17%
ELET6;43,25;8,88;0,93;2,237;10,20%;0,383;3,52;19,2;-1,12;27,45;18,01;11,65%;25,35%;1,79;2,27%;10,49%;165.585.000,00;72.815.700.000,00;0,65;-16,01%
ELET3;43,56;8,95;0,94;2,253;9,21%;0,385;3,55;19,33;-1,13;27,59;18,1;11,65%;25,35%;1,79;2,27%;10,49%;336.985.000,00;72.815.700.000,00;0,65;-16,01%
AURA33;68,35;8,95;3,16;2,432;6,70%;1,494;13,22;6,13;-15,54;5,68;5,68;39,71%;27,16%;1,36;48,05%;35,29%;20.945.100,00;1.530.100.000,00;0,33;0,00%
EPAR3;17;9;6,67;0,459;0,00%;1,293;16,63;8,04;-4,78;8,44;6,61;5,71%;5,11%;1,17;22,56%;74,12%;400.076,00;37.891.000,00;1,12;39,72%
DEXP3;43,65;9,24;4,26;1,233;2,07%;1,464;8,03;14,21;-12,06;15,17;12,02;8,68%;16,04%;1,65;11,59%;46,07%;14.072.600,00;321.328.000,00;0,38;25,49%
BEES4;6,19;9,31;1,11;0;3,70%;0;0;0;0;0;0;0,00%;0,00%;0;0,00%;11,91%;46.401,50;1.764.020.000,00;0;5,77%
EKTR4;31,62;9,31;1,92;0,853;10,10%;0,677;14,02;5,22;-1,95;8,22;6,8;16,34%;9,17%;1,19;14,70%;20,66%;65.846,00;3.187.000.000,00;1,23;9,70%
GOAU4;13,99;9,53;1,18;0,299;3,22%;0,218;0,93;2,1;-2,75;3,38;2,51;14,19%;9,10%;2,44;13,30%;12,41%;171.848.000,00;12.859.100.000,00;1,38;7,17%
EUCA3;21,3;9,59;1,28;1,007;1,75%;0,711;8,06;6,65;-8,06;8,09;5,42;15,16%;8,22%;1,33;11,68%;13,30%;101.551,00;1.546.950.000,00;0,33;13,74%
ABCB4;15,5;9,64;0,8;0;5,91%;0;0;0;0;0;0;0,00%;0,00%;0;0,00%;8,28%;13.123.400,00;4.391.950.000,00;0;-16,28%
GGBR3;25,8;9,64;1,29;0,871;3,18%;0,652;2,99;6,13;-6,24;7,61;5,65;14,22%;9,11%;2,3;13,34%;13,36%;4.575.830,00;34.443.300.000,00;0,52;7,17%
ENGI11;45,66;9,66;2,22;0,789;3,02%;0,369;7,79;5,13;-0,69;9,69;7,02;15,38%;9,04%;1,2;8,52%;23,00%;77.768.300,00;7.459.190.000,00;2,66;15,52%
CSAB3;65;9,71;2,87;171,135;2,86%;1,324;0;10,03;0;0;0;1705,97%;1762,43%;0;0,00%;29,60%;1.044,09;173.682.000,00;0;-12,09%
RNEW3;4,44;9,76;-0,39;5,507;0,00%;0,168;0,8;-5,74;-0,18;-24,23;-27,69;-95,90%;56,44%;1,75;-3,51%;-4,04%;1.308.930,00;-1.127.370.000,00;-1,62;-47,91%
CSRN3;21,88;9,87;2,57;1,264;7,76%;0,759;6,78;7,39;-1,62;10,52;8,62;17,10%;12,81%;1,9;11,60%;26,01%;50.324,30;1.433.000.000,00;1,31;11,03%
PSSA3;53,86;9,91;2,01;0,918;4,09%;0,475;5,32;1,16;-5,14;0,51;0,5;79,38%;9,26%;1,15;55,89%;20,23%;57.757.000,00;8.682.600.000,00;0;3,80%
EQMA3B;45,6;9,92;2,36;1,739;8,57%;1,016;4,96;7,17;-5,21;7,98;6,72;24,26%;17,54%;2,21;18,09%;23,80%;12.170,60;3.171.740.000,00;0,64;7,92%
BRIV4;8,85;9,95;0,51;0;6,54%;0;0;0;0;0;0;0,00%;0,00%;0;0,00%;5,09%;26.078,60;1.546.650.000,00;0;32,35%
EKTR3;34;10,01;2,07;0,917;8,54%;0,727;15,08;5,62;-2,1;8,61;7,13;16,34%;9,17%;1,19;14,70%;20,66%;2.766,91;3.187.000.000,00;1,23;9,70%
CEEB3;50;10,22;2,04;1,102;2,11%;0,595;9,67;6,38;-1,2;10,41;8,07;17,29%;10,78%;1,41;10,16%;19,96%;57.280,60;6.424.000.000,00;1,41;12,55%
CEEB5;50;10,22;2,04;1,102;0,00%;0,595;9,67;6,38;-1,2;10,41;8,07;17,29%;10,78%;1,41;10,16%;19,96%;3.244,18;6.424.000.000,00;1,41;12,55%
TRIS3;9,67;10,36;1,51;1,983;2,49%;0,833;1,57;9,57;2,6;10,02;9,98;20,72%;20,80%;3,5;10,99%;14,56%;11.156.600,00;1.196.140.000,00;0,39;29,83%
BRSR5;19,47;10,63;0,93;0;5,06%;0;0;0;0;0;0;0,00%;0,00%;0;0,00%;8,73%;12.303,70;8.579.010.000,00;0;10,18%
VALE3;113,58;10,66;2,89;2,434;7,79%;1,211;9,28;4,32;-3,71;4,36;3,88;56,34%;22,08%;1,96;34,35%;27,13%;2.988.900.000,00;207.487.000.000,00;0,38;23,67%
BTTL3;20,19;10,68;7,92;0,546;0,00%;1,535;19,75;9,55;-5,67;9,95;7,79;5,71%;5,11%;1,17;22,56%;74,12%;395.854,00;37.891.000,00;1,12;39,72%
PATI3;101,95;10,71;2,71;1,062;2,50%;1,245;2,44;6,98;4,34;7,14;6,88;15,22%;9,91%;2,6;32,28%;25,34%;27.919,00;686.290.000,00;0,59;21,51%
CRPG3;88;10,76;3,22;3,123;0,00%;2,32;3,4;13,81;4,48;11,83;10,49;22,61%;29,02%;6,9;26,73%;29,92%;2.294,61;793.040.000,00;0,01;10,97%
AGRO3;30,02;10,8;1,77;2,935;1,43%;1,075;6,68;8,35;34,91;9,12;10,9;35,17%;21,36%;1,61;15,70%;16,44%;31.926.700,00;1.731.490.000,00;0,39;63,50%
CSRN5;24;10,82;2,81;1,386;7,78%;0,832;7,44;8,11;-1,78;11,24;9,21;17,10%;12,81%;1,9;11,60%;26,01%;19.624,90;1.433.000.000,00;1,31;11,03%
NUTR3;260;10,87;1,99;0,391;0,00%;0,475;1,46;8,07;-2,51;10;8,92;4,85%;3,59%;2,31;6,43%;18,34%;51.950,80;16.690.000,00;0,51;30,56%
EEEL3;560;10,9;2,04;3,525;7,02%;0,94;4,51;9,5;-3,9;9,32;8,81;37,10%;32,17%;3,41;11,70%;18,71%;2.454,55;2.652.850.000,00;0,28;-4,97%
PTNT4;6,1;11,01;1;0,495;0,00%;0,377;1,9;6,71;-20,03;9,19;5,68;7,37%;6,22%;1,63;7,97%;9,06%;206.252,00;293.883.000,00;0,83;6,64%
BBDC3;21,98;11,06;1,48;0;4,77%;0;0;0;0;0;0;0,00%;0,00%;0;0,00%;13,39%;181.603.000,00;144.240.000.000,00;0;-1,38%
SANB3;19,62;11,11;1,88;0;3,87%;0;0;0;0;0;0;0,00%;0,00%;0;0,00%;16,97%;824.741,00;78.064.400.000,00;0;-0,06%
GGBR4;29,76;11,12;1,49;1,005;2,76%;0,752;3,45;7,07;-7,2;8,55;6,35;14,22%;9,11%;2,3;13,34%;13,36%;510.802.000,00;34.443.300.000,00;0,52;7,17%
JOPA3;34,8;11,25;0,7;0,223;3,29%;0,185;0,62;3,14;16,33;6,86;6;7,10%;2,36%;1,83;8,68%;6,21%;14.874,70;527.204.000,00;1,91;9,16%
EGIE3;39,43;11,43;3,98;2,491;6,27%;0,895;9,98;5,82;-1,57;8,36;7,18;42,79%;21,79%;1,79;17,92%;34,79%;58.874.800,00;8.088.960.000,00;2,27;18,70%
ITSA4;11,23;11,45;1,61;14,563;2,64%;1,289;23;111,91;-22,92;113,87;63,77;13,01%;132,83%;2,28;1,24%;14,06%;367.903.000,00;58.696.000.000,00;0,1;6,50%
PATI4;110;11,56;2,93;1,146;3,43%;1,344;2,64;7,53;4,68;7,69;7,42;15,22%;9,91%;2,6;32,28%;25,34%;12.117,30;686.290.000,00;0,59;21,51%
SANB11;40,87;11,57;1,96;0;3,90%;0;0;0;0;0;0;0,00%;0,00%;0;0,00%;16,97%;105.433.000,00;78.064.400.000,00;0;-0,06%
ITUB3;26,67;11,63;1,86;0;2,44%;0;0;0;0;0;0;0,00%;0,00%;0;0,00%;16,00%;17.662.800,00;140.507.000.000,00;0;-14,22%
LIGT3;15,13;11,66;0,67;0,411;2,92%;0,201;3,25;3,03;-0,54;6,09;4,62;13,55%;3,52%;1,23;9,03%;5,77%;38.233.500,00;8.383.740.000,00;1,16;8,40%
ITSA3;11,44;11,66;1,64;14,835;2,59%;1,313;23,43;114;-23,35;115,96;64,95;13,01%;132,83%;2,28;1,24%;14,06%;2.212.380,00;58.696.000.000,00;0,1;6,50%
SBSP3;36,53;11,73;1,07;1,355;1,09%;0,49;325,09;5,6;-1,17;8,63;5,87;24,20%;11,55%;1,01;9,46%;9,14%;115.056.000,00;23.290.600.000,00;0,73;6,92%
BBSE3;23,15;11,74;6,46;0;5,84%;4,48;0;9,42;0;0;0;0,00%;0,00%;0;0,00%;55,06%;130.806.000,00;7.164.750.000,00;0;0,00%
SHUL4;10,1;11,75;2,33;1,521;2,10%;0,94;2,25;17,16;12,46;20,35;14,4;8,86%;12,95%;2,63;7,99%;19,88%;7.517.080,00;772.972.000,00;1,04;19,44%
USIM5;19,53;11,76;1,55;1,265;0,70%;0,768;2,67;5,59;-137,48;5,97;4,86;22,62%;15,10%;3,03;17,42%;13,20%;409.861.000,00;15.765.400.000,00;0,4;20,36%
CRPG5;96,23;11,77;3,52;3,415;1,54%;2,537;3,72;15,1;4,9;13,12;11,63;22,61%;29,02%;6,9;26,73%;29,92%;1.608.660,00;793.040.000,00;0,01;10,97%
BRIV3;10,48;11,79;0,6;0;0,05%;0;0;0;0;0;0;0,00%;0,00%;0;0,00%;5,09%;21.303,40;1.546.650.000,00;0;32,35%
CRPG6;96,51;11,8;3,53;3,425;1,53%;2,544;3,73;15,15;4,92;13,16;11,67;22,61%;29,02%;6,9;26,73%;29,92%;367.023,00;793.040.000,00;0,01;10,97%
TEND3;24,91;11,84;1,77;1,053;2,69%;0,624;1,43;6,73;29,44;6,83;6,31;15,65%;8,84%;2,88;12,45%;14,95%;25.239.200,00;1.469.090.000,00;0,71;20,64%
USIM3;20;12,04;1,59;1,295;0,62%;0,786;2,73;5,73;-140,79;6,11;4,97;22,62%;15,10%;3,03;17,42%;13,20%;9.467.650,00;15.765.400.000,00;0,4;20,36%
SANB4;21,28;12,05;2,04;0;3,93%;0;0;0;0;0;0;0,00%;0,00%;0;0,00%;16,97%;1.596.910,00;78.064.400.000,00;0;-0,06%
FRAS3;13,7;12,16;2,91;1,513;2,00%;1,008;4,41;11,89;-6,88;14,04;10,04;12,73%;12,38%;1,83;11,03%;23,95%;2.281.160,00;1.023.850.000,00;0,9;25,44%
CRIV3;5,7;12,24;0,59;0;0,00%;0;0;0;0;0;0;0,00%;0,00%;0;0,00%;4,83%;59.618,20;992.692.000,00;0;-4,51%
ROMI3;25,84;12,27;2,27;1,84;7,57%;1,066;3,55;16,05;13,61;18,4;13,89;11,47%;15,01%;1,97;8,51%;18,51%;29.830.400,00;833.989.000,00;0,63;13,60%
ATOM3;7,64;12,35;10,3;4,384;3,93%;4,991;6,71;12,55;10,7;11,43;11,37;34,92%;35,50%;4,12;73,03%;83,41%;927.639,00;15.501.000,00;0;85,17%
UNIP6;97,47;12,48;4,44;2,1;4,88%;1,901;8,96;7,34;-16,21;6,94;5,99;28,63%;17,01%;1,89;36,26%;35,55%;48.437.500,00;2.074.060.000,00;0,27;25,71%
UNIP3;98,18;12,57;4,47;2,115;4,40%;1,915;9,02;7,39;-16,32;7;6,03;28,63%;17,01%;1,89;36,26%;35,55%;8.038.830,00;2.074.060.000,00;0,27;25,71%
EALT3;14,79;12,67;1,85;1,255;1,88%;0,743;12,22;11,63;-4,43;13,75;10,34;10,80%;9,91%;1,16;7,40%;14,57%;26.270,70;180.267.000,00;0,55;23,11%
UNIP5;99,99;12,8;4,55;2,154;4,75%;1,95;9,19;7,52;-16,62;7,13;6,15;28,63%;17,01%;1,89;36,26%;35,55%;132.850,00;2.074.060.000,00;0,27;25,71%
WHRL3;6,94;12,95;4,74;1,049;6,32%;1,352;9,84;10,29;17,9;8,35;7;10,20%;8,12%;1,21;56,86%;36,65%;90.441,90;2.198.430.000,00;0,16;-0,10%
EMAE4;83,33;13,06;4,02;6,683;10,31%;2,05;9,09;19,34;-12,72;17,73;17,09;34,56%;51,17%;3,18;12,87%;30,79%;455.957,00;765.519.000,00;0;25,91%
WIZS3;16,91;13,07;7,81;3,153;3,60%;2,826;64,17;6,42;-12,27;5,8;5,11;49,09%;24,73%;1,13;67,18%;59,77%;58.426.000,00;346.139.000,00;0;17,59%
BBDC4;26;13,08;1,75;0;4,43%;0;0;0;0;0;0;0,00%;0,00%;0;0,00%;13,39%;995.031.000,00;144.240.000.000,00;0;-1,38%
ITUB4;30,01;13,08;2,09;0;2,17%;0;0;0;0;0;0;0,00%;0,00%;0;0,00%;16,00%;1.136.810.000,00;140.507.000.000,00;0;-14,22%
CRFB3;21,32;13,1;2,54;0,579;3,35%;0,836;67,72;8,46;-4,49;10,14;8,3;6,85%;4,61%;1,03;12,45%;19,41%;85.197.000,00;16.644.000.000,00;0,58;12,68%
USIM6;22,01;13,25;1,75;1,426;0,62%;0,866;3,01;6,3;-154,94;6,68;5,44;22,62%;15,10%;3,03;17,42%;13,20%;4.598,07;15.765.400.000,00;0,4;20,36%
CRIV4;6,17;13,25;0,64;0;7,04%;0;0;0;0;0;0;0,00%;0,00%;0;0,00%;4,83%;26.533,50;992.692.000,00;0;-4,51%
SEER3;18,58;13,41;1,64;1,915;1,97%;0,759;4,55;12,76;-3,39;12,65;6,56;15,01%;14,28%;2,13;7,42%;12,24%;15.880.600,00;1.456.560.000,00;0,39;2,00%
MRVE3;16,29;13,51;1,37;1,168;5,01%;0,418;1,66;9,92;-2;14,51;12,63;11,77%;9,53%;2,16;4,63%;10,14%;57.397.000,00;5.740.880.000,00;0,83;11,70%
EEEL4;699;13,6;2,54;4,4;6,18%;1,173;5,63;11,86;-4,86;11,68;11,04;37,10%;32,17%;3,41;11,70%;18,71%;3.177,27;2.652.850.000,00;0,28;-4,97%
PFRM3;6,67;13,66;0,78;0,148;0,00%;0,2;0,97;4,13;6,49;5,95;3,9;3,59%;1,18%;1,43;8,29%;5,73%;3.086.740,00;1.055.220.000,00;0,57;8,60%
JSLG3;12,61;13,8;3,01;2,639;1,07%;0,735;3,53;19,04;-2,04;29,09;28,12;13,86%;19,41%;2,12;4,60%;21,80%;6.857.180,00;1.173.460.000,00;2,11;-26,04%
LOGG3;31,51;13,85;1,02;22,31;1,03%;0,7;6,09;29,51;-6,24;34,29;34,06;75,60%;171,31%;2,5;2,68%;7,33%;11.573.500,00;3.170.210.000,00;0,32;11,32%
ELET5;67,99;13,96;1,46;3,517;0,00%;0,601;5,54;30,18;-1,76;38,43;25,22;11,65%;25,35%;1,79;2,27%;10,49%;8.724,75;72.815.700.000,00;0,65;-16,01%
FRTA3;9,17;14,15;-0,28;1,495;0,00%;0,511;-0,23;-278,03;-0,19;-1.253,31;124,58;-0,54%;10,57%;0,08;-0,21%;-1,96%;437.403,00;-66.288.000,00;-0,98;-32,10%
SMTO3;37,25;14,22;3,31;3,063;1,45%;1,062;9,67;11,73;-2,52;15,84;7,09;26,11%;21,54%;1,74;10,36%;23,26%;41.137.600,00;3.986.590.000,00;1,5;11,34%
SLCE3;51,5;14,27;3,12;2,176;3,21%;1,078;5,54;8,82;-9,59;9,74;8,75;24,66%;16,21%;1,61;16,42%;21,84%;74.058.200,00;3.149.910.000,00;0,83;25,03%
TIMS3;11,48;14,27;1,18;1,598;5,16%;0,676;12,96;8,63;-3,65;8,08;2,97;18,51%;11,20%;1,27;9,43%;8,30%;67.478.300,00;23.463.600.000,00;0,11;-0,05%
CURY3;10,05;14,36;5,44;2,334;3,92%;1,529;3,36;10,85;7,56;10,27;10,17;21,51%;18,04%;2,18;19,02%;37,87%;8.216.520,00;539.457.000,00;0,52;0,00%
REDE3;7,91;14,36;4,27;1,402;8,98%;0,798;6,71;7,55;-1,97;10,3;8;18,56%;13,39%;1,55;12,91%;29,70%;146.054,00;3.913.600.000,00;2,26;10,51%
BRGE12;6,67;14,53;0,4;25,009;0,00%;0,161;0,38;-1,22;0,81;2,72;2,73;-2046,02%;251,44%;3,4;-27,33%;2,72%;1.828,93;1.241.560.000,00;0;-6,20%
SMLS3;22,4;14,84;3,1;5,032;23,65%;0,814;29,35;14,96;-6,53;11,46;9,89;33,64%;33,91%;1,05;7,07%;20,86%;9.381.000,00;898.402.000,00;0;-20,06%
ENMT3;63;14,91;5,17;2,547;3,83%;1,576;15,92;11,46;-4,24;13,96;11,6;22,22%;17,08%;1,44;16,26%;34,66%;45.269,50;2.669.040.000,00;1,47;11,77%
ENMT4;63,09;14,93;5,18;2,551;3,82%;1,579;15,95;11,48;-4,25;13,98;11,61;22,22%;17,08%;1,44;16,26%;34,66%;25.321,50;2.669.040.000,00;1,47;11,77%
BRFS3;26,86;15,01;2,63;0,531;0,00%;0,424;2,65;7,55;-1,17;12,77;6,86;7,03%;3,53%;1,51;9,32%;17,52%;351.522.000,00;8.299.810.000,00;2,9;4,58%
ASAI3;86;15,04;14,54;0,71;0,37%;1,313;-141,87;9,31;-2,59;11,25;9,76;7,63%;5,14%;0,98;23,15%;96,73%;132.730.000,00;1.590.000.000,00;4,76;0,00%
WHRL4;8,09;15,09;5,53;1,223;5,96%;1,577;11,47;11,99;20,86;10,06;8,43;10,20%;8,12%;1,21;56,86%;36,65%;195.455,00;2.198.430.000,00;0,16;-0,10%
VIVT3;41,96;15,56;1,01;1,644;7,61%;0,638;52,01;12,47;-3,67;13,52;4,5;13,18%;10,57%;1,07;5,89%;6,51%;93.560.000,00;70.018.600.000,00;0,18;0,39%
HGTX3;34,86;15,84;3,45;5,215;1,57%;2,544;7,06;204,55;7,87;197,35;47,5;2,55%;32,92%;2,6;1,75%;21,76%;66.224.700,00;1.643.810.000,00;0,1;-6,92%
EQPA3;5,28;15,91;3,35;1,904;3,79%;0,925;4,16;8,02;-3,18;9,12;7,5;23,75%;11,97%;2,06;16,00%;21,06%;329.395,00;3.482.100.000,00;1,28;6,49%
CGAS5;152,58;15,91;21,52;2,434;6,12%;2,029;12,9;10,91;-3,62;13,57;11,16;22,30%;15,29%;1,84;24,24%;135,22%;273.895,00;939.704.000,00;6,58;15,02%
DIRR3;13,85;15,97;1,68;1,28;11,08%;0,403;0,95;7,28;-1,95;7,77;6,73;17,58%;10,38%;4,92;6,97%;10,55%;23.175.100,00;1.233.260.000,00;0,9;14,09%
HYPE3;34,44;16,01;2,33;4,908;2,60%;1,214;7,59;17,99;-6,32;22,07;20,05;27,29%;30,64%;2,26;7,61%;14,57%;98.702.800,00;9.349.280.000,00;0,71;5,82%
ALLD3;36,25;16,25;2,89;0,663;0,00%;0,888;4,49;10,53;20,74;11,01;9,21;6,30%;4,08%;1,37;18,95%;17,81%;9.557.080,00;1.149.360.000,00;0,37;0,00%
CGAS3;160;16,69;22,56;2,552;5,31%;2,128;13,53;11,44;-3,79;14,1;11,6;22,30%;15,29%;1,84;24,24%;135,22%;17.192,30;939.704.000,00;6,58;15,02%
MULT3;23,15;16,7;2,22;13,607;1,97%;1,321;22,78;29,82;-5,7;33,97;23,36;45,63%;81,46%;1,51;5,05%;13,27%;153.763.000,00;6.277.370.000,00;0,5;-0,41%
CAMB3;6,04;16,7;2,58;1,76;0,00%;0,925;-36,68;40,94;-3,2;50,74;26,04;4,30%;10,55%;0,93;2,44%;15,47%;740.493,00;98.809.000,00;0,72;-13,47%
JOPA4;52;16,81;1,04;0,333;2,42%;0,276;0,92;4,69;24,4;8,41;7,36;7,10%;2,36%;1,83;8,68%;6,21%;1.611,57;527.204.000,00;1,91;9,16%
MDIA3;32,09;16,95;1,63;1,531;1,74%;1,044;3,57;34,79;14,86;36,19;19,61;4,40%;9,03%;3,13;3,77%;9,61%;37.118.100,00;6.678.860.000,00;0,32;7,52%
LAVV3;8,05;17,01;1,4;4,24;1,29%;1,025;1,59;13,94;1,75;7,62;7,59;30,42%;32,38%;5,04;14,80%;8,23%;12.716.600,00;1.234.090.000,00;0,04;0,00%
MNPR3;17,44;17,15;-0,34;0,458;0,00%;0,493;-0,31;2,59;-0,24;2,37;2,08;17,66%;2,67%;0,22;20,91%;-1,96%;715.674,00;-368.566.000,00;0;9,52%
ODPV3;12,84;17,29;5,27;3,872;5,95%;3,357;12,39;10,92;18,29;9,57;9,19;35,45%;22,37%;1,99;53,73%;30,46%;12.061.100,00;1.295.490.000,00;0;7,21%
EZTC3;30,62;17,36;1,68;7,88;1,38%;1,448;3,66;32,37;4,15;27,43;26,54;24,34%;46,69%;6,23;5,80%;9,66%;84.677.200,00;4.143.920.000,00;0;10,42%
MOAR3;305;17,44;3,94;34,097;3,67%;2,288;7,35;-95,56;843,66;-89,87;-91,78;-35,68%;195,51%;3,8;-3,88%;22,61%;26.454,50;947.464.000,00;0,43;150,45%
PARD3;21,44;17,46;3,72;1,688;1,56%;1,414;8,14;9,93;-7,6;10,37;7,5;17,01%;9,68%;1,67;19,61%;21,29%;7.629.080,00;755.270.000,00;0,57;13,39%
CIEL3;3,63;17,46;1,04;2,128;2,56%;0,121;1,22;18,34;-4,29;18,39;9,66;11,60%;12,19%;1,13;3,97%;5,93%;105.226.000,00;9.516.940.000,00;0,73;-17,74%
COCE5;60,46;17,47;1,42;0,784;3,50%;0,477;19,66;13,1;-1,26;20,54;10,64;5,98%;4,49%;1,09;4,25%;8,15%;1.985.180,00;3.307.650.000,00;0,92;9,35%
RANI3;9,18;17,93;2,8;2,05;2,55%;1,241;3,81;10,98;-11,51;11,99;8,68;18,68%;11,44%;3,64;15,46%;15,60%;20.878.400,00;842.855.000,00;0,73;8,22%
ENGI3;17;17,98;4,14;1,468;1,62%;0,687;14,49;9,55;-1,29;14,11;10,22;15,38%;9,04%;1,2;8,52%;23,00%;243.991,00;7.459.190.000,00;2,66;15,52%
LEVE3;32,41;18,13;2,82;1,561;2,87%;1,516;6,46;9,3;18,63;9,12;7,41;16,78%;8,57%;1,75;21,89%;15,55%;26.606.500,00;1.475.200.000,00;0,17;4,46%
EQPA7;6,08;18,32;3,86;2,193;3,29%;1,065;4,78;9,23;-3,66;10,33;8,5;23,75%;11,97%;2,06;16,00%;21,06%;19.592,50;3.482.100.000,00;1,28;6,49%
BPAC5;7,78;18,37;2,94;0;1,23%;0;0;0;0;0;0;0,00%;0,00%;0;0,00%;15,98%;364.696,00;30.414.300.000,00;0;-1,17%
LOGN3;18,51;18,43;5,96;1,701;0,00%;0,898;3,86;13,88;-2,08;19,84;11,01;12,26%;9,24%;2,26;9,34%;32,32%;12.795.200,00;328.934.000,00;4,32;11,70%
UCAS3;5,21;18,43;2,16;2,081;7,60%;1,347;4,84;17,3;7,01;14,05;9,68;12,03%;11,29%;1,96;11,89%;11,69%;724.732,00;159.769.000,00;0,11;-1,76%
RPAD6;6;18,47;0,49;19.542,00;0,00%;0,489;41,46;-116,16;41,86;-112,92;-112,92;-16823,10%;105831,00%;5,25;-0,43%;2,66%;8.940,00;1.035.040.000,00;0;-37,72%
QUAL3;28,36;18,47;4,47;3,936;8,10%;1,833;12,96;9,58;-8,57;10,16;7,12;41,07%;21,58%;1,6;29,22%;24,23%;75.526.800,00;1.800.050.000,00;0,74;0,25%
OFSA3;34,7;18,47;3,28;2,379;1,76%;1,686;4,3;13,66;13,49;14,77;12,38;17,42%;12,88%;2,8;17,15%;17,75%;1.556.180,00;571.217.000,00;0,68;14,98%
MOVI3;20,6;18,5;2,62;1,587;1,55%;0,472;3,14;10,67;-0,89;21,19;12,94;14,88%;8,58%;2,08;6,33%;14,17%;41.970.400,00;2.349.550.000,00;3,86;18,95%
JALL3;10,8;18,67;2,8;2,932;0,00%;0,92;2,93;7,39;-5,74;9,03;4,81;39,69%;15,70%;2,58;19,61%;15,00%;7.937.310,00;1.135.980.000,00;1,7;21,79%
GRND3;10,6;18,95;2,42;4,67;5,88%;1,997;3,72;21,93;3,86;18,28;14,92;21,29%;24,64%;4,48;14,58%;12,75%;18.073.200,00;3.957.840.000,00;0,03;-1,54%
DOHL3;25,99;19,01;2,93;3,434;1,87%;2,197;5,11;31,71;7,45;30,9;24,87;10,83%;18,07%;4,76;8,10%;15,40%;5.588,23;671.785.000,00;0,07;5,75%
CARD3;22,91;19,05;3,17;2,053;2,06%;1,776;56,62;12,98;-11,55;13,74;7,58;15,81%;10,78%;1,12;17,09%;16,63%;8.699.980,00;302.267.000,00;0,41;-0,55%
BRGE3;8,77;19,11;0,52;32,882;0,00%;0,211;0,5;-1,61;1,06;2,34;2,35;-2046,02%;251,44%;3,4;-27,33%;2,72%;8.352,95;1.241.560.000,00;0;-6,20%
WLMM4;36,83;19,26;2,77;1,089;1,25%;2,132;6,35;15,3;8,57;14,05;13,46;7,12%;5,66%;3,34;18,28%;14,40%;61.307,80;483.635.000,00;0,02;32,48%
BSLI4;24,99;19,75;4,39;0;1,49%;0;0;0;0;0;0;0,00%;0,00%;0;0,00%;22,22%;75.978,20;2.066.940.000,00;0;11,63%
PTBL3;18,99;19,88;7,38;1,991;2,25%;1,47;25,27;18,36;-4,06;21,28;15,6;10,84%;10,02%;1,15;10,36%;37,11%;55.429.000,00;397.721.000,00;1,79;8,98%
WLMM3;39,46;20,63;2,97;1,167;1,06%;2,284;6,8;16,39;9,19;15,14;14,51;7,12%;5,66%;3,34;18,28%;14,40%;18.995,40;483.635.000,00;0,02;32,48%
BAUH4;85,04;20,66;4,72;2,362;0,79%;3,088;65,2;45,05;120,71;43,07;30,78;5,24%;11,43%;1,15;9,91%;22,84%;26.088,80;94.110.000,00;0;6,60%
INTB3;28,04;20,78;5,31;3,852;0,00%;3,005;5,54;29,95;7,09;27,8;25,73;12,86%;18,53%;2,72;24,02%;25,54%;51.358.600,00;1.730.360.000,00;0,27;0,00%
ENEV3;17,06;20,95;2,67;6,634;0,00%;1,317;11,52;21,79;-3,87;27,06;17,97;30,45%;31,63%;3,13;7,12%;12,77%;105.464.000,00;8.074.450.000,00;0,9;10,86%
CXSE3;12,61;21,17;3,77;0;0,00%;3,482;100,88;-743,24;101,11;-735,48;-735,94;0,00%;0,00%;1,45;-0,49%;17,80%;64.607.400,00;10.038.700.000,00;0;0,00%
BRGE8;9,75;21,24;0,58;36,557;3,11%;0,235;0,55;-1,79;1,18;2,16;2,17;-2046,02%;251,44%;3,4;-27,33%;2,72%;1.663,25;1.241.560.000,00;0;-6,20%
ABEV3;17,43;21,25;3,34;4,395;2,81%;2,056;52,97;18,61;-21,55;17,64;13,14;23,62%;21,23%;1,16;15,58%;15,74%;496.972.000,00;82.044.100.000,00;0,06;7,54%
VVAR3;15,6;21,28;4,04;0,828;0,00%;0,746;123,36;9,42;-3,21;12,35;9,15;8,78%;3,89%;1,01;10,86%;19,00%;547.119.000,00;6.163.000.000,00;1,48;7,09%
KEPL3;54,5;21,73;3,09;2,121;3,15%;1,738;9,65;19,32;12,04;16,78;12,65;10,98%;9,76%;1,45;13,65%;14,23%;11.689.600,00;535.000.000,00;0,03;10,42%
BRPR3;9,11;21,81;0,61;13,996;2,16%;0,405;7,47;20,16;-1,62;28,34;28,23;69,42%;64,18%;2,44;2,17%;2,82%;17.460.600,00;7.285.270.000,00;0,36;-8,30%
BRGE11;10,08;21,96;0,6;37,794;3,61%;0,243;0,57;-1,85;1,22;2,1;2,11;-2046,02%;251,44%;3,4;-27,33%;2,72%;1.082,14;1.241.560.000,00;0;-6,20%
GMAT3;7,76;22,17;2,96;1,284;0,00%;2,096;3,69;18,62;4,89;17,93;14,59;6,90%;5,80%;4,96;16,25%;13,34%;34.567.000,00;5.799.800.000,00;0,2;0,00%
RPAD3;7,3;22,47;0,6;23.776,10;0,00%;0,596;50,44;-141,33;50,93;-138,09;-138,09;-16823,10%;105831,00%;5,25;-0,43%;2,66%;20.953,50;1.035.040.000,00;0;-37,72%
HBOR3;8,16;22,56;0,85;1,143;0,58%;0,251;0,48;55,95;1,84;104;59,68;2,04%;9,34%;3,41;0,51%;3,75%;15.564.800,00;1.290.370.000,00;1,07;16,44%
MRSA5B;40,29;22,93;3,12;3,517;1,70%;1,286;-41,25;12,81;-2,85;14,5;7,49;27,46%;15,33%;0,81;11,30%;13,61%;878,18;4.388.400.000,00;0,63;1,74%
MRSA5B;40,29;22,93;3,12;3,517;1,70%;1,286;-41,25;12,81;-2,85;14,5;7,49;27,46%;15,33%;0,81;11,30%;13,61%;878,18;4.388.400.000,00;0,63;1,74%
B3SA3;16,42;22,95;4,13;10,244;5,44%;2,178;13,63;16,47;-20,3;15,07;12,87;62,21%;44,62%;1,78;20,08%;18,00%;798.902.000,00;24.345.800.000,00;0,29;40,18%
TGMA3;25,99;23;2,66;1,775;2,04%;1,619;5,39;16,54;16,09;16,34;13,41;10,73%;7,70%;2,58;14,26%;11,57%;10.456.200,00;644.911.000,00;0,44;2,30%
MRSA3B;40,48;23,04;3,14;3,533;0,00%;1,292;-41,44;12,87;-2,86;14,56;7,52;27,46%;15,33%;0,81;11,30%;13,61%;962,91;4.388.400.000,00;0,63;1,74%
MRSA3B;40,48;23,04;3,14;3,533;0,00%;1,292;-41,44;12,87;-2,86;14,56;7,52;27,46%;15,33%;0,81;11,30%;13,61%;962,91;4.388.400.000,00;0,63;1,74%
CSRN6;52;23,45;6,1;3,003;3,59%;1,803;16,13;17,57;-3,85;20,7;16,96;17,10%;12,81%;1,9;11,60%;26,01%;23.788,80;1.433.000.000,00;1,31;11,03%
BRGE5;10,8;23,53;0,64;40,494;0,00%;0,26;0,61;-1,98;1,31;1,97;1,97;-2046,02%;251,44%;3,4;-27,33%;2,72%;325,89;1.241.560.000,00;0;-6,20%
MELK3;6,19;23,8;1,11;2,103;0,10%;0,701;1,17;19,18;1,29;10,19;9,7;10,96%;11,16%;3,1;5,91%;4,65%;4.398.300,00;1.161.880.000,00;0,06;0,00%
UGPA3;18,95;24,44;2,2;0,252;2,32%;0,564;2,3;12,09;-2,32;19,48;11,18;2,09%;1,07%;2;6,87%;9,02%;131.100.000,00;9.583.460.000,00;2,13;2,77%
BPAC11;31,46;24,76;3,96;0;0,91%;0;0;0;0;0;0;0,00%;0,00%;0;0,00%;15,98%;460.799.000,00;30.414.300.000,00;0;-1,17%
SCAR3;41,36;24,86;1,53;6,833;0,89%;0,801;8,68;10,79;-2,41;15,46;12,73;63,35%;27,95%;2,86;8,21%;6,16%;508.032,00;1.558.920.000,00;0,85;-9,71%
COCE3;87;25,14;2,05;1,128;2,43%;0,687;28,29;18,86;-1,81;26,29;13,61;5,98%;4,49%;1,09;4,25%;8,15%;5.504,16;3.307.650.000,00;0,92;9,35%
FLRY3;25,69;25,73;4,82;2,587;2,84%;1,483;14,61;14,1;-4,29;16,93;10,46;18,34%;10,05%;1,41;13,62%;18,72%;43.246.400,00;1.692.880.000,00;1,58;9,60%
MERC4;12,5;26,06;0,9;0;3,95%;0;0;0;0;0;0;0,00%;0,00%;0;0,00%;3,47%;19.154,30;248.946.000,00;0;-30,72%
LCAM3;27,76;26,87;3,21;2,356;1,31%;1,067;20,34;13,83;-2,49;18,1;11,96;17,04%;8,77%;1,28;10,71%;11,94%;72.615.000,00;4.402.100.000,00;1,44;71,59%
SOJA3;15,08;26,95;16,67;2,94;0,00%;3,94;31,29;18,74;-27.604,60;20,3;19,92;15,69%;10,91%;1,2;28,63%;61,85%;11.824.500,00;105.989.000,00;2;0,00%
BSLI3;34,15;27;6;0;0,99%;0;0;0;0;0;0;0,00%;0,00%;0;0,00%;22,22%;28.616,20;2.066.940.000,00;0;11,63%
KLBN4;5,1;27,19;9,34;2,234;0,00%;0,743;3,26;9,83;-1,34;17,29;9,53;22,73%;9,15%;2,92;10,41%;34,36%;9.810.060,00;3.066.890.000,00;9,87;13,32%
WSON33;66,21;27,38;1,94;2,461;7,34%;0,836;11,75;5,55;-2,13;8,1;8,1;44,34%;9,31%;1,67;17,26%;7,09%;2.974.450,00;2.429.610.000,00;1,08;4,40%
RPAD5;8,97;27,61;0,73;29.215,30;6,08%;0,732;61,98;-173,66;62,58;-170,42;-170,42;-16823,10%;105831,00%;5,25;-0,43%;2,66%;7.686,18;1.035.040.000,00;0;-37,72%
PTNT3;15,37;27,75;2,51;1,247;0,00%;0,951;4,78;16,91;-50,46;19,39;11,97;7,37%;6,22%;1,63;7,97%;9,06%;282.114,00;293.883.000,00;0,83;6,64%
DTEX3;23,25;28;3,2;2,48;3,22%;1,433;9,94;16;-7,25;17,87;10,81;15,49%;8,86%;1,69;11,41%;11,44%;52.399.900,00;5.023.510.000,00;0,62;12,96%
BLAU3;49;28,44;28,7;6,82;0,00%;6,154;18,91;19,41;-41,78;20,64;19,85;35,13%;23,98%;2,04;41,80%;100,91%;13.344.200,00;306.307.000,00;2,59;25,48%
KLBN11;26,71;28,48;9,79;2,34;0,00%;0,778;3,42;10,3;-1,4;17,76;9,79;22,73%;9,15%;2,92;10,41%;34,36%;202.395.000,00;3.066.890.000,00;9,87;13,32%
TUPY3;23,11;28,62;1,27;0,708;0,00%;0,514;1,58;10,1;-13,03;12,83;6,16;7,00%;2,47%;2,4;7,63%;4,44%;33.769.600,00;2.620.420.000,00;0,87;10,32%
MTRE3;11,58;28,63;1,23;2,732;3,86%;0,921;1,48;28,43;1,65;13,1;12,29;9,61%;9,77%;4,29;7,02%;4,30%;13.249.100,00;995.408.000,00;0,04;43,22%
SIMH3;59,11;29;5,35;1,21;0,58%;0,382;1,23;8,78;-0,89;17,96;10,22;13,78%;6,80%;3,25;7,19%;18,45%;30.832.000,00;2.281.230.000,00;10,35;0,00%
EQPA5;9,74;29,34;6,18;3,513;2,05%;1,706;7,66;14,79;-5,87;15,89;13,08;23,75%;11,97%;2,06;16,00%;21,06%;21.232,30;3.482.100.000,00;1,28;6,49%
CPLE5;45;29,48;6,4;6,326;2,83%;2,609;100,16;27,96;-7,59;29,49;24,11;22,62%;21,55%;1,12;10,42%;21,72%;19.608,00;19.237.500.000,00;0,5;9,60%
JPSA3;33,67;29,73;1,81;4,299;0,68%;0,424;2,86;10,06;-1,5;16,69;11,07;42,73%;30,79%;2,36;5,42%;6,08%;13.863.200,00;1.637.240.000,00;2,13;0,98%
ENAT3;18,65;30,16;1,79;5,931;1,04%;1,125;3,32;23,5;11,77;18,6;6,09;25,24%;19,66%;3,6;8,58%;5,95%;29.365.600,00;2.762.730.000,00;0,27;23,75%
FESA4;44,45;30,34;2,16;2,189;2,57%;1,386;8,55;9,71;-27,22;10,31;7,22;22,54%;7,23%;2,13;16,15%;7,13%;20.505.900,00;1.814.360.000,00;0,27;11,51%
PDTC3;6,71;30,59;5,11;3,109;0,00%;1,398;4,04;37,21;32,04;38,71;25,7;8,36%;10,17%;1,82;5,52%;16,71%;2.425.020,00;103.012.000,00;0,83;325,80%
IGTA3;40;30,61;2,22;10,278;0,71%;1,035;6,89;22,39;-3,77;28,28;19,2;45,91%;33,42%;2,39;5,95%;7,25%;97.869.800,00;3.181.060.000,00;1,06;0,97%
BRGE6;14,91;32,49;0,88;55,904;4,88%;0,359;0,84;-2,73;1,81;1,21;1,22;-2046,02%;251,44%;3,4;-27,33%;2,72%;287,55;1.241.560.000,00;0;-6,20%
CSAN3;24,43;32,98;4,55;3,111;1,05%;0,595;5;22,75;-1,2;38,51;27,65;13,68%;10,19%;2,16;3,02%;13,79%;250.803.000,00;10.070.900.000,00;3,94;21,73%
KLBN3;6,23;33,21;11,41;2,729;0,00%;0,907;3,99;12,01;-1,63;19,47;10,73;22,73%;9,15%;2,92;10,41%;34,36%;1.941.330,00;3.066.890.000,00;9,87;13,32%
BMKS3;238,87;33,25;0,58;4,83;3,32%;0,514;0,68;-52,99;0,77;17,42;153,24;-9,12%;14,53%;31,35;-3,34%;1,74%;64.827,50;187.458.000,00;0,02;6,17%
MNDL3;59,8;33,6;-1,05;0,264;0,00%;0,13;-0,24;2,59;-0,16;6,47;5,37;10,19%;0,79%;0,35;5,34%;-3,14%;168.034,00;-140.657.000,00;-1,61;6,42%
EVEN3;10,14;34,7;1,18;1,104;7,47%;0,379;0,82;6,76;1,55;3,51;3,42;16,33%;5,47%;2,43;7,69%;3,39%;14.222.400,00;1.828.290.000,00;0,23;6,18%
AFLT3;10,49;35,05;3,42;18,446;11,08%;3,13;12,02;33,56;15,88;31,81;31,58;54,97%;52,63%;13,16;11,29%;9,76%;21.595,00;193.540.000,00;0;7,93%
LIPR3;70,85;35,48;3,97;0;2,41%;3,294;11,1;-147,24;12,69;-130,18;-130,27;0,00%;0,00%;3,21;-4,23%;11,20%;38.174,80;209.730.000,00;0;0,00%
RENT3;64,46;37,62;7,55;4,742;0,59%;2,407;79,05;24,59;-5,56;28,07;21,86;19,29%;12,60%;1,14;12,68%;20,07%;333.997.000,00;6.475.660.000,00;1,6;22,57%
FESA3;55,5;37,88;2,7;2,734;1,87%;1,731;10,67;12,13;-33,99;12,73;8,9;22,54%;7,23%;2,13;16,15%;7,13%;39.887,80;1.814.360.000,00;0,27;11,51%
PGMN3;11,45;38,79;2,57;0,729;0,00%;0,883;3,95;14,49;-8,76;15,51;9,02;5,03%;1,88%;1,67;8,71%;6,63%;13.527.200,00;1.976.200.000,00;0,42;5,20%
HBTS5;60,99;39,12;1,78;4,926;0,27%;0,404;-13,48;7;-0,65;8,55;8,48;70,41%;12,56%;0,84;5,88%;4,56%;139.657,00;312.343.000,00;0,44;5,37%
POMO3;3,28;40,76;1,2;0,886;0,61%;0,521;2,19;19,57;-20,86;26,33;16,17;4,53%;1,86%;1,81;3,48%;2,94%;1.186.640,00;2.588.830.000,00;0,8;8,99%
LUXM4;73,85;41,55;4,03;3,612;8,50%;2,538;19,71;28,78;-23,15;28,93;13,5;12,55%;8,69%;1,98;10,51%;9,69%;36.358,90;95.320.000,00;0,24;3,03%
LREN3;43,39;41,56;7,27;5,374;0,76%;2,645;10,25;62,62;-33,78;64,18;28,03;8,58%;12,93%;1,86;5,77%;17,48%;443.552.000,00;5.365.470.000,00;0,72;4,13%
PRIO3;21,26;41,64;3,5;7,992;0,00%;1,999;10,71;27,44;205,74;26,71;12,06;29,13%;19,20%;1,74;11,42%;8,41%;243.685.000,00;5.335.220.000,00;0,52;56,49%
BPAN4;23,65;42,2;5,24;0;0,89%;0;0;0;0;0;0;0,00%;0,00%;0;0,00%;12,43%;144.346.000,00;5.434.150.000,00;0;12,98%
POMO4;3,53;43,87;1,29;0,954;0,57%;0,561;2,36;21,06;-22,45;27,82;17,09;4,53%;1,86%;1,81;3,48%;2,94%;20.730.000,00;2.588.830.000,00;0,8;8,99%
CCPR3;11,9;43,91;1,11;3,826;8,38%;0,375;6,47;7,68;-1,27;12,17;9,37;49,79%;25,55%;2,51;5,27%;2,53%;4.980.070,00;1.636.110.000,00;0,86;2,95%
BPAC3;19,08;45,04;7,2;0;0,50%;0;0;0;0;0;0;0,00%;0,00%;0;0,00%;15,98%;703.810,00;30.414.300.000,00;0;-1,17%
ESPA3;19,34;45,23;7,33;8,617;0,31%;2,897;11,41;52,09;-217,64;54,6;32,6;16,54%;17,92%;1,75;6,82%;16,21%;29.268.900,00;644.392.000,00;0,79;0,00%
CCRO3;13,42;45,92;3,16;2,474;2,05%;0,786;24,51;9,19;-1,57;13,76;7,39;26,92%;6,00%;1,16;10,61%;6,88%;148.240.000,00;8.576.580.000,00;2,29;1,69%
MOSI3;18,68;46,01;3,56;9,884;0,00%;3,257;4,31;45,67;4,34;35,16;31,3;21,64%;21,48%;10,25;37,84%;7,74%;26.747.800,00;663.824.000,00;0;0,00%
RDNI3;12,05;46,16;0,85;1,505;0,08%;0,307;1,63;23.974,00;-1,32;42.268,40;202,59;0,01%;4,71%;1,89;0,00%;1,84%;319.120,00;620.295.000,00;0,73;-0,05%
CEGR3;61;46,94;12,49;5,07;0,00%;4,627;82,75;26,32;-11,99;27,73;22,48;19,26%;10,80%;1,3;21,43%;26,61%;7.014,59;1.267.820.000,00;0,92;1,47%
BMIN4;20,91;48,13;0,81;0;6,70%;0;0;0;0;0;0;0,00%;0,00%;0;0,00%;1,68%;24.052,50;125.015.000,00;0;-23,92%
RAIL3;19,75;49,35;2,42;5,024;0,00%;0,882;10,74;18,51;-1,93;24,51;13,1;27,14%;10,33%;1,92;5,31%;4,90%;166.353.000,00;15.133.200.000,00;1,03;11,41%
PNVL4;20,8;50,89;3,1;1,095;0,72%;1,398;4,54;41,52;15,85;46,07;17,22;2,64%;2,15%;1,94;4,90%;6,09%;264.956,00;1.016.160.000,00;0,63;8,16%
PNVL3;20,89;51,11;3,11;1,099;0,65%;1,404;4,56;41,7;15,91;46,25;17,29;2,64%;2,15%;1,94;4,90%;6,09%;18.548.300,00;1.016.160.000,00;0,63;8,16%
LJQQ3;22,6;52,25;8,58;2,43;0,38%;2,047;7,28;21,76;-28,26;21,93;16,43;11,17%;4,65%;1,69;12,76%;16,42%;41.682.200,00;493.376.000,00;0,65;0,00%
MERC3;26,1;54,41;1,89;0;0,00%;0;0;0;0;0;0;0,00%;0,00%;0;0,00%;3,47%;34.808,00;248.946.000,00;0;-30,72%
BMIN3;24;55,25;0,93;0;0,00%;0;0;0;0;0;0;0,00%;0,00%;0;0,00%;1,68%;23.709,50;125.015.000,00;0;-23,92%
WEGE3;35,26;55,53;12,36;7,859;0,88%;6,994;21,53;40,06;32,34;39,49;34,99;19,62%;14,45%;2,06;23,74%;22,25%;276.182.000,00;11.976.300.000,00;0,15;19,84%
CBEE3;24,35;55,92;1,13;0,628;0,00%;0,343;-5,5;18,32;-0,8;37,53;11,76;3,43%;1,12%;0,81;2,14%;2,01%;28.758,80;3.603.450.000,00;1,29;7,97%
BSEV3;9;56,31;-10,76;0,889;0,00%;0,776;-1,59;4,4;-1,02;7,59;3,7;20,19%;1,58%;0,39;20,66%;-19,12%;249.349,00;-853.187.000,00;-8,95;7,12%
BMOB3;24,7;56,56;2,16;11,437;0,00%;1,466;2,84;33,52;2,84;16,04;11,81;34,12%;20,22%;2,62;20,31%;3,81%;24.667.000,00;1.041.940.000,00;0;0,00%
VIVA3;32,55;58,43;6,54;7,26;0,49%;3,87;8,52;39,58;19,52;38,96;29,68;18,34%;12,42%;3,99;12,72%;11,19%;37.549.500,00;1.175.390.000,00;0,25;0,00%
VAMO3;61,72;65,15;9,84;8,091;0,00%;2,981;19,51;34,06;-7,76;38,03;22,57;23,76%;12,42%;1,95;12,19%;15,11%;34.851.200,00;1.428.620.000,00;1,71;40,94%
VULC3;10,33;68,12;2,22;2,027;0,00%;1,489;3,29;39,76;4,67;42,06;20,06;5,10%;2,97%;3,31;4,34%;3,26%;7.476.350,00;1.143.320.000,00;0,26;1,54%
TOTS3;37,89;69,71;8,1;8,065;0,69%;4,029;24,52;19,6;61,14;18,86;15,69;41,15%;11,57%;1,41;26,82%;11,62%;140.005.000,00;2.702.690.000,00;0,13;4,78%
ALSO3;28,47;70,69;1,15;9,887;0,80%;0,697;5,43;25,09;-5,43;27,02;16,72;39,40%;17,85%;4,32;3,20%;1,62%;49.943.000,00;6.589.880.000,00;0,3;28,34%
HAPV3;15,28;76,48;7,37;6,685;0,36%;4,264;42,44;49,12;-27,71;48,7;29,02;13,61%;8,78%;1,6;10,82%;9,64%;154.186.000,00;7.979.400.000,00;0,26;36,21%
RADL3;24,8;76,52;9,26;1,976;0,47%;2,895;15,94;40,8;-17,59;41,69;19,23;4,84%;2,64%;1,54;9,83%;12,11%;154.146.000,00;4.422.740.000,00;0,37;15,49%
AMBP3;45,78;77,38;4,17;6,295;0,21%;2,656;10,09;35,86;28,42;34,52;22,18;17,55%;8,63%;2,58;10,22%;5,39%;23.045.000,00;1.239.960.000,00;0,25;0,00%
MATD3;16,4;80,16;22,3;8,112;0,00%;4,918;45,67;33,67;-15,84;33,51;27,41;24,09%;10,12%;1,3;20,22%;27,83%;8.837.470,00;261.061.000,00;0,93;0,00%
GNDI3;84,86;95,31;7,37;4,739;0,33%;3,147;28,79;43,09;-10,83;43,38;33,36;11,00%;4,97%;1,63;9,05%;7,73%;275.971.000,00;7.082.230.000,00;0,48;29,23%
LPSB3;4,5;101,92;3,68;3,551;0,00%;1,685;6,24;13,95;-14,11;11,07;7,84;25,46%;13,85%;2,6;19,09%;3,61%;5.207.830,00;180.464.000,00;0;10,40%
NGRD3;6,97;105,41;3,6;7,551;0,18%;2,414;5,09;44,98;8,75;38,54;26,73;16,79%;7,16%;4,63;11,37%;3,41%;16.629.700,00;462.372.000,00;0,24;0,00%
ALPA3;44,49;106,6;8,51;7,436;0,00%;5,398;17,72;40,61;26,04;39,55;31,73;18,31%;6,53%;2,19;18,34%;7,98%;202.985,00;3.074.270.000,00;0,08;-2,58%
ALPA4;52;124,6;9,95;8,691;0,00%;6,309;20,71;47,47;30,44;46,4;37,23;18,31%;6,53%;2,19;18,34%;7,98%;91.368.400,00;3.074.270.000,00;0,08;-2,58%
BOAS3;11,45;135;3,33;9,588;0,18%;2,496;4,84;54,51;7,24;44,19;17,93;17,59%;7,10%;7,46;10,24%;2,47%;10.114.200,00;1.815.350.000,00;0,08;-6,17%
LAME3;20,41;137,32;3,1;1,713;1,04%;0,873;2,34;25,03;-88,36;26,27;12,63;6,84%;0,81%;2,45;7,81%;2,26%;65.992.300,00;12.394.200.000,00;1,54;5,96%
LAME4;21,37;143,77;3,25;1,793;1,00%;0,914;2,45;26,2;-92,51;27,45;13,2;6,84%;0,81%;2,45;7,81%;2,26%;232.427.000,00;12.394.200.000,00;1,54;5,96%
POWE3;17,01;160,18;1,62;1,317;0,31%;1,053;1,98;35,89;2,69;19,99;18,35;3,67%;1,48%;3,53;6,66%;1,01%;4.186.540,00;941.377.000,00;0,04;0,00%
ARZZ3;95,42;181,18;6,93;5,542;0,85%;3,353;17,61;108,03;161,3;109,09;55,27;5,13%;3,06%;1,55;4,66%;3,83%;53.406.500,00;1.371.410.000,00;0,48;8,04%
ANIM3;14,3;193,76;2,26;3,853;0,00%;1,159;4,23;23,11;-10,73;24,05;14,69;16,67%;2,02%;3,76;6,73%;1,16%;30.712.700,00;2.560.160.000,00;0,57;10,58%
PETZ3;25,23;197,68;18,26;6,243;0,20%;5,092;55,84;70,74;-18,02;71;34,2;8,83%;3,16%;1,26;10,60%;9,24%;85.595.000,00;544.419.000,00;0,81;0,00%
RDOR3;71,4;207,95;10,31;9,291;0,39%;3,079;8,4;62,24;-12,74;66,69;47,75;14,93%;4,84%;5,33;7,21%;4,96%;196.219.000,00;13.916.300.000,00;1,72;13,72%
MGLU3;21,64;227;19,34;4,368;0,23%;6,22;37,52;159,58;-195,63;159,9;88,78;2,74%;1,92%;1,34;6,23%;8,52%;440.775.000,00;7.270.690.000,00;0,23;32,50%
STBP3;9,3;263,97;3,76;7,861;0,00%;1,859;9,67;85,29;-8,92;78,35;28,99;9,22%;2,98%;2,83;2,98%;1,43%;47.199.500,00;2.130.730.000,00;0,2;5,35%
SQIA3;25,88;344,17;4,56;7,952;0,08%;2,771;10,36;141,5;318,08;136,52;44,99;5,62%;2,30%;3;3,08%;1,32%;13.803.800,00;400.384.000,00;0,42;22,66%
CASH3;51,2;366,29;18,04;44,475;0,07%;16,232;26,48;271,99;26,82;262,21;244,98;16,35%;12,14%;12,23;14,64%;4,92%;138.634.000,00;358.922.000,00;0;0,00%
TFCO4;15,25;430,53;69,31;52,653;0,26%;39,203;75,58;301,94;123,52;301,66;283,09;17,44%;12,23%;3,23;19,60%;16,10%;1.740.970,00;208.870.000,00;0,35;0,00%
MILS3;8,95;620,37;2,04;4,222;0,26%;1,511;5,26;67,63;10,73;63,43;11,77;6,24%;0,68%;3,54;3,17%;0,33%;16.589.400,00;1.106.420.000,00;0,23;15,43%
OMGE3;37,26;665,84;2,01;5,716;0,00%;0,66;5,71;16,84;-1,34;28,72;16,88;33,94%;0,99%;3,14;4,55%;0,30%;24.796.200,00;3.641.900.000,00;1,82;47,62%
LWSA3;26,8;1.150,83;5,33;28,811;0,10%;4,026;6,68;377,75;8,23;323,09;130,4;7,63%;2,50%;5,57;2,84%;0,46%;202.731.000,00;2.942.120.000,00;0,05;34,25%
BIDI3;26,2;3.850,42;20,85;0;0,05%;0;0;0;0;0;0;0,00%;0,00%;0;0,00%;0,54%;20.061.800,00;3.240.140.000,00;0;30,91%
BIDI4;26,21;3.851,89;20,86;0;0,05%;0;0;0;0;0;0;0,00%;0,00%;0;0,00%;0,54%;150.165.000,00;3.240.140.000,00;0;30,91%
BIDI11;78,74;3.857,28;20,89;0;0,05%;0;0;0;0;0;0;0,00%;0,00%;0;0,00%;0,54%;306.696.000,00;3.240.140.000,00;0;30,91%
NTCO3;59,52;5.309,64;2,86;2,109;0,00%;1,325;29,98;33,35;-5,33;36,38;17,04;6,32%;0,01%;1,18;5,05%;0,05%;356.190.000,00;28.691.300.000,00;0,49;0,00%
